
2026/10/01 07:48:40 [32mE:/my project/Golang/hr/hr-backend/internal/schemacheck/schemacheck.go:61
[0m[33m[119.360ms] [34;1m[rows:1][0m SELECT count(*) FROM information_schema.columns
			   WHERE table_schema = current_schema() AND table_name = 'users' AND column_name = 'password_hash'

2026/10/01 07:48:40 [32mE:/my project/Golang/hr/hr-backend/internal/schemacheck/schemacheck.go:61
[0m[33m[128.348ms] [34;1m[rows:1][0m SELECT count(*) FROM information_schema.columns
			   WHERE table_schema = current_schema() AND table_name = 'users' AND column_name = 'email'

2026/10/01 07:48:41 [32mE:/my project/Golang/hr/hr-backend/internal/schemacheck/schemacheck.go:61
[0m[33m[119.586ms] [34;1m[rows:1][0m SELECT count(*) FROM information_schema.columns
			   WHERE table_schema = current_schema() AND table_name = 'organizations' AND column_name = 'slug'

2026/10/01 07:48:41 [32mE:/my project/Golang/hr/hr-backend/internal/schemacheck/schemacheck.go:61
[0m[33m[51.094ms] [34;1m[rows:1][0m SELECT count(*) FROM information_schema.columns
			   WHERE table_schema = current_schema() AND table_name = 'employees' AND column_name = 'employee_code'

2026/10/01 07:48:41 [32mE:/my project/Golang/hr/hr-backend/internal/schemacheck/schemacheck.go:61
[0m[33m[53.875ms] [34;1m[rows:1][0m SELECT count(*) FROM information_schema.columns
			   WHERE table_schema = current_schema() AND table_name = 'memberships' AND column_name = 'organization_id'
[GIN-debug] [WARNING] Running in "debug" mode. Switch to "release" mode in production.
 - using env:	export GIN_MODE=release
 - using code:	gin.SetMode(gin.ReleaseMode)

[GIN-debug] GET    /health/live              --> github.com/simpul/hr-backend/internal/httpapi.(*Server).Router.func1 (5 handlers)
[GIN-debug] GET    /health/ready             --> github.com/simpul/hr-backend/internal/httpapi.(*Server).readiness-fm (5 handlers)
[GIN-debug] GET    /openapi.yaml             --> github.com/simpul/hr-backend/internal/httpapi.(*Server).openapiDocument-fm (5 handlers)
[GIN-debug] POST   /v1/auth/login            --> github.com/simpul/hr-backend/internal/httpapi.(*Server).login-fm (6 handlers)
[GIN-debug] POST   /v1/auth/refresh          --> github.com/simpul/hr-backend/internal/httpapi.(*Server).refresh-fm (5 handlers)
[GIN-debug] POST   /v1/auth/logout           --> github.com/simpul/hr-backend/internal/httpapi.(*Server).logout-fm (5 handlers)
[GIN-debug] POST   /v1/auth/mfa/enroll       --> github.com/simpul/hr-backend/internal/httpapi.(*Server).mfaEnroll-fm (5 handlers)
[GIN-debug] POST   /v1/auth/mfa/confirm      --> github.com/simpul/hr-backend/internal/httpapi.(*Server).mfaConfirm-fm (5 handlers)
[GIN-debug] POST   /v1/auth/mfa/verify       --> github.com/simpul/hr-backend/internal/httpapi.(*Server).mfaVerify-fm (5 handlers)
[GIN-debug] GET    /v1/auth/sso/:provider/start --> github.com/simpul/hr-backend/internal/httpapi.(*Server).ssoStart-fm (5 handlers)
[GIN-debug] GET    /v1/auth/sso/:provider/callback --> github.com/simpul/hr-backend/internal/httpapi.(*Server).ssoCallback-fm (5 handlers)
[GIN-debug] GET    /v1/ws                    --> github.com/simpul/hr-backend/internal/httpapi.(*Server).websocket-fm (5 handlers)
[GIN-debug] GET    /v1/me                    --> github.com/simpul/hr-backend/internal/httpapi.(*Server).me-fm (6 handlers)
[GIN-debug] GET    /v1/me/profile            --> github.com/simpul/hr-backend/internal/httpapi.(*Server).profile-fm (6 handlers)
[GIN-debug] PATCH  /v1/me/profile            --> github.com/simpul/hr-backend/internal/httpapi.(*Server).updateProfile-fm (6 handlers)
[GIN-debug] POST   /v1/me/password           --> github.com/simpul/hr-backend/internal/httpapi.(*Server).changePassword-fm (6 handlers)
[GIN-debug] GET    /v1/organization          --> github.com/simpul/hr-backend/internal/httpapi.(*Server).organization-fm (6 handlers)
[GIN-debug] PATCH  /v1/organization          --> github.com/simpul/hr-backend/internal/httpapi.(*Server).updateOrganization-fm (7 handlers)
[GIN-debug] GET    /v1/departments           --> github.com/simpul/hr-backend/internal/httpapi.(*Server).listDepartments-fm (6 handlers)
[GIN-debug] POST   /v1/departments           --> github.com/simpul/hr-backend/internal/httpapi.(*Server).createDepartment-fm (7 handlers)
[GIN-debug] DELETE /v1/departments/:id       --> github.com/simpul/hr-backend/internal/httpapi.(*Server).deleteDepartment-fm (7 handlers)
[GIN-debug] GET    /v1/positions             --> github.com/simpul/hr-backend/internal/httpapi.(*Server).listPositions-fm (6 handlers)
[GIN-debug] POST   /v1/positions             --> github.com/simpul/hr-backend/internal/httpapi.(*Server).createPosition-fm (7 handlers)
[GIN-debug] GET    /v1/employees             --> github.com/simpul/hr-backend/internal/httpapi.(*Server).listEmployees-fm (7 handlers)
[GIN-debug] GET    /v1/employees/export      --> github.com/simpul/hr-backend/internal/httpapi.(*Server).exportEmployees-fm (7 handlers)
[GIN-debug] POST   /v1/employees/import      --> github.com/simpul/hr-backend/internal/httpapi.(*Server).importEmployees-fm (7 handlers)
[GIN-debug] POST   /v1/employees             --> github.com/simpul/hr-backend/internal/httpapi.(*Server).createEmployee-fm (7 handlers)
[GIN-debug] GET    /v1/employees/:id         --> github.com/simpul/hr-backend/internal/httpapi.(*Server).getEmployee-fm (7 handlers)
[GIN-debug] PATCH  /v1/employees/:id         --> github.com/simpul/hr-backend/internal/httpapi.(*Server).updateEmployee-fm (7 handlers)
[GIN-debug] GET    /v1/org-chart             --> github.com/simpul/hr-backend/internal/httpapi.(*Server).orgChart-fm (7 handlers)
[GIN-debug] GET    /v1/roles                 --> github.com/simpul/hr-backend/internal/httpapi.(*Server).listRoles-fm (7 handlers)
[GIN-debug] GET    /v1/permissions           --> github.com/simpul/hr-backend/internal/httpapi.(*Server).listPermissions-fm (7 handlers)
[GIN-debug] PUT    /v1/roles/:id/permissions --> github.com/simpul/hr-backend/internal/httpapi.(*Server).updateRolePermissions-fm (7 handlers)
[GIN-debug] GET    /v1/integrations          --> github.com/simpul/hr-backend/internal/httpapi.(*Server).listIntegrations-fm (7 handlers)
[GIN-debug] PATCH  /v1/integrations/:provider --> github.com/simpul/hr-backend/internal/httpapi.(*Server).updateIntegration-fm (7 handlers)
[GIN-debug] GET    /v1/audit-logs            --> github.com/simpul/hr-backend/internal/httpapi.(*Server).listAuditLogs-fm (7 handlers)
[GIN-debug] GET    /v1/dashboard/summary     --> github.com/simpul/hr-backend/internal/httpapi.(*Server).dashboardSummary-fm (6 handlers)
[GIN-debug] POST   /v1/dashboard/attention/:key/dismiss --> github.com/simpul/hr-backend/internal/httpapi.(*Server).dismissAttention-fm (6 handlers)
[GIN-debug] GET    /v1/analytics/workforce   --> github.com/simpul/hr-backend/internal/httpapi.(*Server).workforceAnalytics-fm (7 handlers)
[GIN-debug] GET    /v1/search                --> github.com/simpul/hr-backend/internal/httpapi.(*Server).globalSearch-fm (6 handlers)
[GIN-debug] GET    /v1/attendance            --> github.com/simpul/hr-backend/internal/httpapi.(*Server).listAttendance-fm (7 handlers)
[GIN-debug] GET    /v1/attendance/export     --> github.com/simpul/hr-backend/internal/httpapi.(*Server).exportAttendance-fm (7 handlers)
[GIN-debug] POST   /v1/attendance            --> github.com/simpul/hr-backend/internal/httpapi.(*Server).manualAttendance-fm (7 handlers)
[GIN-debug] PATCH  /v1/attendance/:id        --> github.com/simpul/hr-backend/internal/httpapi.(*Server).updateAttendance-fm (7 handlers)
[GIN-debug] POST   /v1/attendance/clock-in   --> github.com/simpul/hr-backend/internal/httpapi.(*Server).clockIn-fm (6 handlers)
[GIN-debug] POST   /v1/attendance/clock-out  --> github.com/simpul/hr-backend/internal/httpapi.(*Server).clockOut-fm (6 handlers)
[GIN-debug] GET    /v1/shift-assignments     --> github.com/simpul/hr-backend/internal/httpapi.(*Server).listShifts-fm (7 handlers)
[GIN-debug] PUT    /v1/shift-assignments     --> github.com/simpul/hr-backend/internal/httpapi.(*Server).assignShift-fm (7 handlers)
[GIN-debug] GET    /v1/leave-types           --> github.com/simpul/hr-backend/internal/httpapi.(*Server).listLeaveTypes-fm (6 handlers)
[GIN-debug] GET    /v1/leave-balances        --> github.com/simpul/hr-backend/internal/httpapi.(*Server).leaveBalances-fm (6 handlers)
[GIN-debug] GET    /v1/leave-requests        --> github.com/simpul/hr-backend/internal/httpapi.(*Server).listLeaveRequests-fm (6 handlers)
[GIN-debug] POST   /v1/leave-requests        --> github.com/simpul/hr-backend/internal/httpapi.(*Server).createLeaveRequest-fm (6 handlers)
[GIN-debug] POST   /v1/leave-requests/:id/approve --> github.com/simpul/hr-backend/internal/httpapi.(*Server).approveLeave-fm (7 handlers)
[GIN-debug] POST   /v1/leave-requests/:id/reject --> github.com/simpul/hr-backend/internal/httpapi.(*Server).rejectLeave-fm (7 handlers)
[GIN-debug] GET    /v1/payroll-policies      --> github.com/simpul/hr-backend/internal/httpapi.(*Server).listPayrollPolicies-fm (7 handlers)
[GIN-debug] GET    /v1/payroll-runs          --> github.com/simpul/hr-backend/internal/httpapi.(*Server).listPayrollRuns-fm (7 handlers)
[GIN-debug] POST   /v1/payroll-runs          --> github.com/simpul/hr-backend/internal/httpapi.(*Server).createPayrollRun-fm (7 handlers)
[GIN-debug] GET    /v1/payroll-runs/:id      --> github.com/simpul/hr-backend/internal/httpapi.(*Server).getPayrollRun-fm (7 handlers)
[GIN-debug] POST   /v1/payroll-runs/:id/execute --> github.com/simpul/hr-backend/internal/httpapi.(*Server).executePayroll-fm (7 handlers)
[GIN-debug] GET    /v1/payslips              --> github.com/simpul/hr-backend/internal/httpapi.(*Server).listPayslips-fm (6 handlers)
[GIN-debug] GET    /v1/payslips/export       --> github.com/simpul/hr-backend/internal/httpapi.(*Server).exportPayslips-fm (6 handlers)
[GIN-debug] GET    /v1/job-postings          --> github.com/simpul/hr-backend/internal/httpapi.(*Server).listJobPostings-fm (7 handlers)
[GIN-debug] POST   /v1/job-postings          --> github.com/simpul/hr-backend/internal/httpapi.(*Server).createJobPosting-fm (7 handlers)
[GIN-debug] PATCH  /v1/job-postings/:id      --> github.com/simpul/hr-backend/internal/httpapi.(*Server).updateJobPosting-fm (7 handlers)
[GIN-debug] GET    /v1/candidates            --> github.com/simpul/hr-backend/internal/httpapi.(*Server).listCandidates-fm (7 handlers)
[GIN-debug] POST   /v1/candidates            --> github.com/simpul/hr-backend/internal/httpapi.(*Server).createCandidate-fm (7 handlers)
[GIN-debug] PATCH  /v1/candidates/:id/stage  --> github.com/simpul/hr-backend/internal/httpapi.(*Server).moveCandidate-fm (7 handlers)
[GIN-debug] GET    /v1/performance-cycles    --> github.com/simpul/hr-backend/internal/httpapi.(*Server).listPerformanceCycles-fm (7 handlers)
[GIN-debug] POST   /v1/performance-cycles    --> github.com/simpul/hr-backend/internal/httpapi.(*Server).createPerformanceCycle-fm (7 handlers)
[GIN-debug] GET    /v1/goals                 --> github.com/simpul/hr-backend/internal/httpapi.(*Server).listGoals-fm (7 handlers)
[GIN-debug] POST   /v1/goals                 --> github.com/simpul/hr-backend/internal/httpapi.(*Server).createGoal-fm (7 handlers)
[GIN-debug] PATCH  /v1/goals/:id             --> github.com/simpul/hr-backend/internal/httpapi.(*Server).updateGoal-fm (7 handlers)
[GIN-debug] GET    /v1/reviews               --> github.com/simpul/hr-backend/internal/httpapi.(*Server).listReviews-fm (7 handlers)
[GIN-debug] POST   /v1/reviews               --> github.com/simpul/hr-backend/internal/httpapi.(*Server).createReview-fm (7 handlers)
[GIN-debug] GET    /v1/notifications         --> github.com/simpul/hr-backend/internal/httpapi.(*Server).listNotifications-fm (6 handlers)
[GIN-debug] POST   /v1/notifications/:id/read --> github.com/simpul/hr-backend/internal/httpapi.(*Server).readNotification-fm (6 handlers)
[GIN-debug] DELETE /v1/notifications/:id     --> github.com/simpul/hr-backend/internal/httpapi.(*Server).dismissNotification-fm (6 handlers)
[GIN-debug] GET    /v1/conversations         --> github.com/simpul/hr-backend/internal/httpapi.(*Server).listConversations-fm (6 handlers)
[GIN-debug] POST   /v1/conversations         --> github.com/simpul/hr-backend/internal/httpapi.(*Server).createConversation-fm (6 handlers)
[GIN-debug] GET    /v1/conversations/:id/messages --> github.com/simpul/hr-backend/internal/httpapi.(*Server).listMessages-fm (6 handlers)
[GIN-debug] POST   /v1/conversations/:id/messages --> github.com/simpul/hr-backend/internal/httpapi.(*Server).createMessage-fm (6 handlers)
[GIN-debug] POST   /v1/realtime/tickets      --> github.com/simpul/hr-backend/internal/httpapi.(*Server).realtimeTicket-fm (6 handlers)
[GIN-debug] GET    /v1/faqs                  --> github.com/simpul/hr-backend/internal/httpapi.(*Server).listFAQs-fm (6 handlers)
[GIN-debug] POST   /v1/support-tickets       --> github.com/simpul/hr-backend/internal/httpapi.(*Server).createSupportTicket-fm (6 handlers)
[GIN-debug] GET    /v1/support-tickets       --> github.com/simpul/hr-backend/internal/httpapi.(*Server).listSupportTickets-fm (6 handlers)
{"time":"2026-10-01T07:48:41.1746316+07:00","level":"INFO","msg":"api listening","address":":8080"}
{"time":"2026-10-01T07:49:00.2002763+07:00","level":"INFO","msg":"http request","method":"GET","path":"/health/ready","status":200,"durationMs":414,"requestId":"504cf063-ec3b-46a3-a686-252891a9ef50"}

2026/10/01 07:49:08 [32mE:/my project/Golang/hr/hr-backend/internal/httpapi/auth.go:40
[0m[33m[142.590ms] [34;1m[rows:1][0m SELECT * FROM "organizations" WHERE "organizations"."id" = 'a853448f-0fe7-4fd1-b5bf-af8f6857561c'

2026/10/01 07:49:08 [32m
[0m[33m[137.959ms] [34;1m[rows:14][0m SELECT * FROM "role_permissions" WHERE "role_permissions"."role_id" = '6204ad4f-b588-49ed-9ae0-874e6e11feee'

2026/10/01 07:49:08 [32m
[0m[33m[127.839ms] [34;1m[rows:14][0m SELECT * FROM "permissions" WHERE "permissions"."id" IN ('bee3b15c-a1f5-4c31-8f21-52422fe1d779','6e20086b-bd5c-4d7f-89a6-b3d95ab3e7a0','d19e697a-98e2-469e-9214-a6fa30b4fd3f','b8e8b45f-aa33-4db5-b4eb-343fb2fa9b37','9812c3be-57c2-4fb2-b0dc-55de9c83c00b','2950c517-fbc0-42cc-8237-5b2189cc58fe','5c79a954-bd36-41cc-ae16-3076ca3e8a05','9af8080e-abc3-4581-8c5e-e27a863de468','d835d01b-3013-49b9-9d77-15ca14422a22','ae9af0a2-4ffe-4cd0-9933-bfa5de0e0380','384aafff-152f-4e51-8264-8c746cb8f7fc','2c591e91-f4a9-4494-9c11-4820f458f72e','8ef68b12-b306-4e05-9af4-abcf8a97e319','20fff14f-0a64-4d53-b6b8-8342d85e2c88')

2026/10/01 07:49:08 [32mE:/my project/Golang/hr/hr-backend/internal/httpapi/auth.go:40 [33mSLOW SQL >= 200ms
[0m[31;1m[383.473ms] [33m[rows:1][35m SELECT * FROM "roles" WHERE "roles"."id" = '6204ad4f-b588-49ed-9ae0-874e6e11feee'[0m

2026/10/01 07:49:08 [32mE:/my project/Golang/hr/hr-backend/internal/httpapi/auth.go:40 [33mSLOW SQL >= 200ms
[0m[31;1m[663.411ms] [33m[rows:1][35m SELECT * FROM "memberships" WHERE "memberships"."user_id" = '09947f6a-e1c8-4b63-830b-54df35d6151e'[0m

2026/10/01 07:49:08 [32mE:/my project/Golang/hr/hr-backend/internal/httpapi/auth.go:40 [33mSLOW SQL >= 200ms
[0m[31;1m[829.869ms] [33m[rows:1][35m SELECT * FROM "users" WHERE lower(email) = 'sarah@simpul.co.id' ORDER BY "users"."id" LIMIT 1[0m

2026/10/01 07:49:08 [32mE:/my project/Golang/hr/hr-backend/internal/httpapi/auth.go:245 [33mSLOW SQL >= 200ms
[0m[31;1m[245.883ms] [33m[rows:1][35m INSERT INTO "refresh_sessions" ("user_id","membership_id","organization_id","token_hash","expires_at","revoked_at","user_agent","ip_address","created_at") VALUES ('09947f6a-e1c8-4b63-830b-54df35d6151e','9f6393bb-e49d-426c-bbb3-c205d01b45cc','a853448f-0fe7-4fd1-b5bf-af8f6857561c','f1abe03a2fd6fe385993a682977649719ccccfae60bce4a8810646618193097f','2026-10-31 00:49:08.571',NULL,'curl/7.55.1','::1','2026-10-01 00:49:08.619') RETURNING "id"[0m

2026/10/01 07:49:09 [32mE:/my project/Golang/hr/hr-backend/internal/httpapi/auth.go:249
[0m[33m[128.578ms] [34;1m[rows:0][0m INSERT INTO "organizations" ("slug","name","industry","address","phone","email","timezone","locale","currency","created_at","updated_at","id") VALUES ('simpul-demo','PT Simpul Teknologi Indonesia','Teknologi Informasi & SaaS','Sopo Del Tower Lt. 18, Mega Kuningan, Jakarta Selatan','+62 21-5088-0123','ops@simpul.co.id','Asia/Jakarta','id-ID','IDR','2026-10-01 07:38:31.513','2026-10-01 07:46:46.184','a853448f-0fe7-4fd1-b5bf-af8f6857561c') ON CONFLICT DO NOTHING RETURNING "id"

2026/10/01 07:49:09 [32m
[0m[33m[139.549ms] [34;1m[rows:0][0m INSERT INTO "permissions" ("key","label","description","id") VALUES ('performance.manage','Mengelola Performa','','2950c517-fbc0-42cc-8237-5b2189cc58fe'),('settings.manage','Mengelola Pengaturan','','5c79a954-bd36-41cc-ae16-3076ca3e8a05'),('support.manage','Mengelola Tiket Bantuan','','9af8080e-abc3-4581-8c5e-e27a863de468'),('employees.view','Melihat Direktori Karyawan','','d835d01b-3013-49b9-9d77-15ca14422a22'),('employees.manage','Mengelola Data Karyawan','','ae9af0a2-4ffe-4cd0-9933-bfa5de0e0380'),('attendance.manage','Mengelola Absensi dan Shift','','384aafff-152f-4e51-8264-8c746cb8f7fc'),('payroll.run','Menjalankan Payroll','','2c591e91-f4a9-4494-9c11-4820f458f72e'),('recruitment.view','Melihat Rekrutmen','','8ef68b12-b306-4e05-9af4-abcf8a97e319'),('recruitment.manage','Mengelola Rekrutmen','','20fff14f-0a64-4d53-b6b8-8342d85e2c88'),('performance.view','Melihat Performa','','bee3b15c-a1f5-4c31-8f21-52422fe1d779'),('analytics.view','Melihat Analitik','','6e20086b-bd5c-4d7f-89a6-b3d95ab3e7a0'),('attendance.view','Melihat Absensi dan Shift','','d19e697a-98e2-469e-9214-a6fa30b4fd3f'),('leave.approve','Menyetujui Cuti','','b8e8b45f-aa33-4db5-b4eb-343fb2fa9b37'),('payroll.view','Melihat Payroll','','9812c3be-57c2-4fb2-b0dc-55de9c83c00b') ON CONFLICT DO NOTHING RETURNING "id"

2026/10/01 07:49:09 [32m
[0m[33m[124.122ms] [34;1m[rows:0][0m INSERT INTO "role_permissions" ("role_id","permission_id") VALUES ('6204ad4f-b588-49ed-9ae0-874e6e11feee','2950c517-fbc0-42cc-8237-5b2189cc58fe'),('6204ad4f-b588-49ed-9ae0-874e6e11feee','5c79a954-bd36-41cc-ae16-3076ca3e8a05'),('6204ad4f-b588-49ed-9ae0-874e6e11feee','9af8080e-abc3-4581-8c5e-e27a863de468'),('6204ad4f-b588-49ed-9ae0-874e6e11feee','d835d01b-3013-49b9-9d77-15ca14422a22'),('6204ad4f-b588-49ed-9ae0-874e6e11feee','ae9af0a2-4ffe-4cd0-9933-bfa5de0e0380'),('6204ad4f-b588-49ed-9ae0-874e6e11feee','384aafff-152f-4e51-8264-8c746cb8f7fc'),('6204ad4f-b588-49ed-9ae0-874e6e11feee','2c591e91-f4a9-4494-9c11-4820f458f72e'),('6204ad4f-b588-49ed-9ae0-874e6e11feee','8ef68b12-b306-4e05-9af4-abcf8a97e319'),('6204ad4f-b588-49ed-9ae0-874e6e11feee','20fff14f-0a64-4d53-b6b8-8342d85e2c88'),('6204ad4f-b588-49ed-9ae0-874e6e11feee','bee3b15c-a1f5-4c31-8f21-52422fe1d779'),('6204ad4f-b588-49ed-9ae0-874e6e11feee','6e20086b-bd5c-4d7f-89a6-b3d95ab3e7a0'),('6204ad4f-b588-49ed-9ae0-874e6e11feee','d19e697a-98e2-469e-9214-a6fa30b4fd3f'),('6204ad4f-b588-49ed-9ae0-874e6e11feee','b8e8b45f-aa33-4db5-b4eb-343fb2fa9b37'),('6204ad4f-b588-49ed-9ae0-874e6e11feee','9812c3be-57c2-4fb2-b0dc-55de9c83c00b') ON CONFLICT DO NOTHING RETURNING "role_id","permission_id"

2026/10/01 07:49:09 [32mE:/my project/Golang/hr/hr-backend/internal/httpapi/auth.go:249 [33mSLOW SQL >= 200ms
[0m[31;1m[381.032ms] [33m[rows:0][35m INSERT INTO "roles" ("organization_id","key","name","description","is_system","created_at","updated_at","id") VALUES ('a853448f-0fe7-4fd1-b5bf-af8f6857561c','hr_admin','HR Admin','System role hr_admin',true,'2026-10-01 07:38:33.93','2026-10-01 07:46:49.167','6204ad4f-b588-49ed-9ae0-874e6e11feee') ON CONFLICT DO NOTHING RETURNING "id"[0m

2026/10/01 07:49:09 [32mE:/my project/Golang/hr/hr-backend/internal/httpapi/auth.go:249 [33mSLOW SQL >= 200ms
[0m[31;1m[669.787ms] [33m[rows:1][35m INSERT INTO "memberships" ("organization_id","user_id","employee_id","role_id","created_at","updated_at","id") VALUES ('a853448f-0fe7-4fd1-b5bf-af8f6857561c','09947f6a-e1c8-4b63-830b-54df35d6151e','99d21239-e245-44f3-ba50-31138747118b','6204ad4f-b588-49ed-9ae0-874e6e11feee','2026-10-01 07:38:42.175','2026-10-01 07:46:57.406','9f6393bb-e49d-426c-bbb3-c205d01b45cc') ON CONFLICT ("id") DO UPDATE SET "user_id"="excluded"."user_id" RETURNING "id"[0m

2026/10/01 07:49:09 [32mE:/my project/Golang/hr/hr-backend/internal/httpapi/auth.go:249 [33mSLOW SQL >= 200ms
[0m[31;1m[946.018ms] [33m[rows:1][35m UPDATE "users" SET "last_login_at"='2026-10-01 00:49:08.817',"updated_at"='2026-10-01 00:49:08.883' WHERE "id" = '09947f6a-e1c8-4b63-830b-54df35d6151e'[0m
{"time":"2026-10-01T07:49:09.764206+07:00","level":"INFO","msg":"http request","method":"POST","path":"/v1/auth/login","status":200,"durationMs":3866,"requestId":"60146885-d6cc-4bac-a63a-ac8497d8403b"}

2026/10/01 07:49:10 [32mE:/my project/Golang/hr/hr-backend/internal/httpapi/context.go:66 [33mSLOW SQL >= 200ms
[0m[31;1m[311.597ms] [33m[rows:0][35m SELECT employee_id FROM memberships WHERE id = '9f6393bb-e49d-426c-bbb3-c205d01b45cc' AND user_id = '09947f6a-e1c8-4b63-830b-54df35d6151e' AND organization_id = 'a853448f-0fe7-4fd1-b5bf-af8f6857561c'[0m

2026/10/01 07:49:10 [32mE:/my project/Golang/hr/hr-backend/internal/httpapi/operations.go:715
[0m[33m[133.631ms] [34;1m[rows:1][0m SELECT count(*) FROM "payslips" WHERE payslips.organization_id='a853448f-0fe7-4fd1-b5bf-af8f6857561c'

2026/10/01 07:49:10 [32mE:/my project/Golang/hr/hr-backend/internal/httpapi/operations.go:720 [33mSLOW SQL >= 200ms
[0m[31;1m[280.268ms] [33m[rows:4][35m SELECT * FROM "departments" WHERE "departments"."id" IN ('30bb9633-cd4d-486e-a539-f4a0832bdc12','bc32b8ee-da52-4a01-8bd1-23d42a767387','ef1eb843-2735-4430-85a2-58574ace53db','97c6c5df-092e-4595-9cc9-0a4f87ca7ceb')[0m

2026/10/01 07:49:10 [32mE:/my project/Golang/hr/hr-backend/internal/httpapi/operations.go:720
[0m[33m[171.666ms] [34;1m[rows:6][0m SELECT * FROM "positions" WHERE "positions"."id" IN ('48a7d347-22be-4c0e-b24c-f2519aefc4a2','42888e9e-7b3e-4655-a22a-279061ae192d','97ff9903-45e2-4bc5-99f3-7966b794846b','1852a8a2-7a82-49ac-8f16-9ed5a646c374','b2fe25f7-5839-4f4e-8f70-55b33e742ffe','f4cce7ba-2b29-4730-963f-73177b188f1d')

2026/10/01 07:49:10 [32mE:/my project/Golang/hr/hr-backend/internal/httpapi/operations.go:720 [33mSLOW SQL >= 200ms
[0m[31;1m[588.283ms] [33m[rows:9][35m SELECT * FROM "employees" WHERE "employees"."id" IN ('dba909c3-c84f-4991-86fe-5861fa435639','1aeec27e-8ffe-4352-8fc0-621cb3c145b4','ef82bfc0-7975-45f3-8c36-e2ee4282a961','ff42d55b-eef0-4536-98bc-5b35b2c5cf42','ab1ba340-e555-45db-8360-5020f4f7c982','507600c3-5458-47c9-8c05-3f07a3b6ec88','df62d62f-b0d3-42e8-b742-b6001c2643b7','99d21239-e245-44f3-ba50-31138747118b','c666d592-996b-40da-b808-3babfb3efc9d')[0m

2026/10/01 07:49:10 [32mE:/my project/Golang/hr/hr-backend/internal/httpapi/operations.go:720 [33mSLOW SQL >= 200ms
[0m[31;1m[722.750ms] [33m[rows:9][35m SELECT * FROM "payslips" WHERE payslips.organization_id='a853448f-0fe7-4fd1-b5bf-af8f6857561c' ORDER BY created_at DESC LIMIT 25[0m
{"time":"2026-10-01T07:49:10.9962983+07:00","level":"INFO","msg":"http request","method":"GET","path":"/v1/payslips","status":200,"durationMs":1170,"requestId":"ac0e65d1-e672-4378-b93d-9e731d430780"}
{"time":"2026-10-01T07:51:48.5281546+07:00","level":"INFO","msg":"http request","method":"POST","path":"/v1/auth/refresh","status":401,"durationMs":1,"requestId":"2d6d6b70-25c2-4600-8e17-6240a9599e3b"}
{"time":"2026-10-01T07:51:48.5284263+07:00","level":"INFO","msg":"http request","method":"POST","path":"/v1/auth/refresh","status":401,"durationMs":0,"requestId":"ee51e3df-0ff0-4763-9e3c-f015d2e14132"}
{"time":"2026-10-01T07:51:54.0530408+07:00","level":"INFO","msg":"http request","method":"OPTIONS","path":"","status":204,"durationMs":0,"requestId":"78bac47e-56d9-4c9a-afac-4ec112047681"}
{"time":"2026-10-01T07:51:54.0550398+07:00","level":"INFO","msg":"http request","method":"OPTIONS","path":"","status":204,"durationMs":0,"requestId":"11014bc6-96aa-4263-9e0d-83ac56ada53c"}

2026/10/01 07:51:57 [32mE:/my project/Golang/hr/hr-backend/internal/httpapi/auth.go:40
[0m[33m[100.966ms] [34;1m[rows:1][0m SELECT * FROM "organizations" WHERE "organizations"."id" = 'a853448f-0fe7-4fd1-b5bf-af8f6857561c'

2026/10/01 07:51:58 [32m [33mSLOW SQL >= 200ms
[0m[31;1m[380.016ms] [33m[rows:14][35m SELECT * FROM "role_permissions" WHERE "role_permissions"."role_id" = '6204ad4f-b588-49ed-9ae0-874e6e11feee'[0m

2026/10/01 07:51:58 [32m
[0m[33m[125.131ms] [34;1m[rows:14][0m SELECT * FROM "permissions" WHERE "permissions"."id" IN ('bee3b15c-a1f5-4c31-8f21-52422fe1d779','6e20086b-bd5c-4d7f-89a6-b3d95ab3e7a0','d19e697a-98e2-469e-9214-a6fa30b4fd3f','b8e8b45f-aa33-4db5-b4eb-343fb2fa9b37','9812c3be-57c2-4fb2-b0dc-55de9c83c00b','2950c517-fbc0-42cc-8237-5b2189cc58fe','5c79a954-bd36-41cc-ae16-3076ca3e8a05','9af8080e-abc3-4581-8c5e-e27a863de468','d835d01b-3013-49b9-9d77-15ca14422a22','ae9af0a2-4ffe-4cd0-9933-bfa5de0e0380','384aafff-152f-4e51-8264-8c746cb8f7fc','2c591e91-f4a9-4494-9c11-4820f458f72e','8ef68b12-b306-4e05-9af4-abcf8a97e319','20fff14f-0a64-4d53-b6b8-8342d85e2c88')

2026/10/01 07:51:58 [32mE:/my project/Golang/hr/hr-backend/internal/httpapi/auth.go:40 [33mSLOW SQL >= 200ms
[0m[31;1m[791.237ms] [33m[rows:1][35m SELECT * FROM "roles" WHERE "roles"."id" = '6204ad4f-b588-49ed-9ae0-874e6e11feee'[0m

2026/10/01 07:51:58 [32mE:/my project/Golang/hr/hr-backend/internal/httpapi/auth.go:40 [33mSLOW SQL >= 200ms
[0m[31;1m[1067.311ms] [33m[rows:1][35m SELECT * FROM "memberships" WHERE "memberships"."user_id" = '09947f6a-e1c8-4b63-830b-54df35d6151e'[0m

2026/10/01 07:51:58 [32mE:/my project/Golang/hr/hr-backend/internal/httpapi/auth.go:40 [33mSLOW SQL >= 200ms
[0m[31;1m[1278.470ms] [33m[rows:1][35m SELECT * FROM "users" WHERE lower(email) = 'sarah@simpul.co.id' ORDER BY "users"."id" LIMIT 1[0m

2026/10/01 07:51:59 [32mE:/my project/Golang/hr/hr-backend/internal/httpapi/auth.go:245 [33mSLOW SQL >= 200ms
[0m[31;1m[234.367ms] [33m[rows:1][35m INSERT INTO "refresh_sessions" ("user_id","membership_id","organization_id","token_hash","expires_at","revoked_at","user_agent","ip_address","created_at") VALUES ('09947f6a-e1c8-4b63-830b-54df35d6151e','9f6393bb-e49d-426c-bbb3-c205d01b45cc','a853448f-0fe7-4fd1-b5bf-af8f6857561c','fe7348e83346105fcfcf5fbde6cfa4039909dad1f0ff169a54e33b5f64815b07','2026-10-31 00:51:59.131',NULL,'Mozilla/5.0 (Windows NT 10.0; Win64; x64) AppleWebKit/537.36 (KHTML, like Gecko) Chrome/153.0.8010.12 Safari/537.36','::1','2026-10-01 00:51:59.183') RETURNING "id"[0m

2026/10/01 07:51:59 [32mE:/my project/Golang/hr/hr-backend/internal/httpapi/auth.go:249
[0m[33m[83.865ms] [34;1m[rows:0][0m INSERT INTO "organizations" ("slug","name","industry","address","phone","email","timezone","locale","currency","created_at","updated_at","id") VALUES ('simpul-demo','PT Simpul Teknologi Indonesia','Teknologi Informasi & SaaS','Sopo Del Tower Lt. 18, Mega Kuningan, Jakarta Selatan','+62 21-5088-0123','ops@simpul.co.id','Asia/Jakarta','id-ID','IDR','2026-10-01 07:38:31.513','2026-10-01 07:46:46.184','a853448f-0fe7-4fd1-b5bf-af8f6857561c') ON CONFLICT DO NOTHING RETURNING "id"

2026/10/01 07:51:59 [32m
[0m[33m[66.715ms] [34;1m[rows:0][0m INSERT INTO "permissions" ("key","label","description","id") VALUES ('performance.manage','Mengelola Performa','','2950c517-fbc0-42cc-8237-5b2189cc58fe'),('settings.manage','Mengelola Pengaturan','','5c79a954-bd36-41cc-ae16-3076ca3e8a05'),('support.manage','Mengelola Tiket Bantuan','','9af8080e-abc3-4581-8c5e-e27a863de468'),('employees.view','Melihat Direktori Karyawan','','d835d01b-3013-49b9-9d77-15ca14422a22'),('employees.manage','Mengelola Data Karyawan','','ae9af0a2-4ffe-4cd0-9933-bfa5de0e0380'),('attendance.manage','Mengelola Absensi dan Shift','','384aafff-152f-4e51-8264-8c746cb8f7fc'),('payroll.run','Menjalankan Payroll','','2c591e91-f4a9-4494-9c11-4820f458f72e'),('recruitment.view','Melihat Rekrutmen','','8ef68b12-b306-4e05-9af4-abcf8a97e319'),('recruitment.manage','Mengelola Rekrutmen','','20fff14f-0a64-4d53-b6b8-8342d85e2c88'),('performance.view','Melihat Performa','','bee3b15c-a1f5-4c31-8f21-52422fe1d779'),('analytics.view','Melihat Analitik','','6e20086b-bd5c-4d7f-89a6-b3d95ab3e7a0'),('attendance.view','Melihat Absensi dan Shift','','d19e697a-98e2-469e-9214-a6fa30b4fd3f'),('leave.approve','Menyetujui Cuti','','b8e8b45f-aa33-4db5-b4eb-343fb2fa9b37'),('payroll.view','Melihat Payroll','','9812c3be-57c2-4fb2-b0dc-55de9c83c00b') ON CONFLICT DO NOTHING RETURNING "id"

2026/10/01 07:51:59 [32mE:/my project/Golang/hr/hr-backend/internal/httpapi/auth.go:40 [33mSLOW SQL >= 200ms
[0m[31;1m[267.911ms] [33m[rows:1][35m SELECT * FROM "organizations" WHERE "organizations"."id" = 'a853448f-0fe7-4fd1-b5bf-af8f6857561c'[0m

2026/10/01 07:51:59 [32m
[0m[33m[73.359ms] [34;1m[rows:0][0m INSERT INTO "role_permissions" ("role_id","permission_id") VALUES ('6204ad4f-b588-49ed-9ae0-874e6e11feee','2950c517-fbc0-42cc-8237-5b2189cc58fe'),('6204ad4f-b588-49ed-9ae0-874e6e11feee','5c79a954-bd36-41cc-ae16-3076ca3e8a05'),('6204ad4f-b588-49ed-9ae0-874e6e11feee','9af8080e-abc3-4581-8c5e-e27a863de468'),('6204ad4f-b588-49ed-9ae0-874e6e11feee','d835d01b-3013-49b9-9d77-15ca14422a22'),('6204ad4f-b588-49ed-9ae0-874e6e11feee','ae9af0a2-4ffe-4cd0-9933-bfa5de0e0380'),('6204ad4f-b588-49ed-9ae0-874e6e11feee','384aafff-152f-4e51-8264-8c746cb8f7fc'),('6204ad4f-b588-49ed-9ae0-874e6e11feee','2c591e91-f4a9-4494-9c11-4820f458f72e'),('6204ad4f-b588-49ed-9ae0-874e6e11feee','8ef68b12-b306-4e05-9af4-abcf8a97e319'),('6204ad4f-b588-49ed-9ae0-874e6e11feee','20fff14f-0a64-4d53-b6b8-8342d85e2c88'),('6204ad4f-b588-49ed-9ae0-874e6e11feee','bee3b15c-a1f5-4c31-8f21-52422fe1d779'),('6204ad4f-b588-49ed-9ae0-874e6e11feee','6e20086b-bd5c-4d7f-89a6-b3d95ab3e7a0'),('6204ad4f-b588-49ed-9ae0-874e6e11feee','d19e697a-98e2-469e-9214-a6fa30b4fd3f'),('6204ad4f-b588-49ed-9ae0-874e6e11feee','b8e8b45f-aa33-4db5-b4eb-343fb2fa9b37'),('6204ad4f-b588-49ed-9ae0-874e6e11feee','9812c3be-57c2-4fb2-b0dc-55de9c83c00b') ON CONFLICT DO NOTHING RETURNING "role_id","permission_id"

2026/10/01 07:51:59 [32mE:/my project/Golang/hr/hr-backend/internal/httpapi/auth.go:249 [33mSLOW SQL >= 200ms
[0m[31;1m[250.183ms] [33m[rows:0][35m INSERT INTO "roles" ("organization_id","key","name","description","is_system","created_at","updated_at","id") VALUES ('a853448f-0fe7-4fd1-b5bf-af8f6857561c','hr_admin','HR Admin','System role hr_admin',true,'2026-10-01 07:38:33.93','2026-10-01 07:46:49.167','6204ad4f-b588-49ed-9ae0-874e6e11feee') ON CONFLICT DO NOTHING RETURNING "id"[0m

2026/10/01 07:52:00 [32mE:/my project/Golang/hr/hr-backend/internal/httpapi/auth.go:249 [33mSLOW SQL >= 200ms
[0m[31;1m[500.866ms] [33m[rows:1][35m INSERT INTO "memberships" ("organization_id","user_id","employee_id","role_id","created_at","updated_at","id") VALUES ('a853448f-0fe7-4fd1-b5bf-af8f6857561c','09947f6a-e1c8-4b63-830b-54df35d6151e','99d21239-e245-44f3-ba50-31138747118b','6204ad4f-b588-49ed-9ae0-874e6e11feee','2026-10-01 07:38:42.175','2026-10-01 07:46:57.406','9f6393bb-e49d-426c-bbb3-c205d01b45cc') ON CONFLICT ("id") DO UPDATE SET "user_id"="excluded"."user_id" RETURNING "id"[0m

2026/10/01 07:52:00 [32mE:/my project/Golang/hr/hr-backend/internal/httpapi/auth.go:249 [33mSLOW SQL >= 200ms
[0m[31;1m[768.925ms] [33m[rows:1][35m UPDATE "users" SET "last_login_at"='2026-10-01 00:51:59.4',"updated_at"='2026-10-01 00:51:59.487' WHERE "id" = '09947f6a-e1c8-4b63-830b-54df35d6151e'[0m
{"time":"2026-10-01T07:52:00.3703182+07:00","level":"INFO","msg":"http request","method":"POST","path":"/v1/auth/login","status":200,"durationMs":6116,"requestId":"ea27c777-95f3-42c1-8575-f5fbecfc5d60"}

2026/10/01 07:52:00 [32m [33mSLOW SQL >= 200ms
[0m[31;1m[251.443ms] [33m[rows:14][35m SELECT * FROM "role_permissions" WHERE "role_permissions"."role_id" = '6204ad4f-b588-49ed-9ae0-874e6e11feee'[0m
{"time":"2026-10-01T07:52:00.437681+07:00","level":"INFO","msg":"http request","method":"OPTIONS","path":"","status":204,"durationMs":0,"requestId":"c9ba8fef-5259-423d-ae96-31f1f6b01f73"}

2026/10/01 07:52:00 [32m [33mSLOW SQL >= 200ms
[0m[31;1m[301.447ms] [33m[rows:14][35m SELECT * FROM "permissions" WHERE "permissions"."id" IN ('bee3b15c-a1f5-4c31-8f21-52422fe1d779','6e20086b-bd5c-4d7f-89a6-b3d95ab3e7a0','d19e697a-98e2-469e-9214-a6fa30b4fd3f','b8e8b45f-aa33-4db5-b4eb-343fb2fa9b37','9812c3be-57c2-4fb2-b0dc-55de9c83c00b','2950c517-fbc0-42cc-8237-5b2189cc58fe','5c79a954-bd36-41cc-ae16-3076ca3e8a05','9af8080e-abc3-4581-8c5e-e27a863de468','d835d01b-3013-49b9-9d77-15ca14422a22','ae9af0a2-4ffe-4cd0-9933-bfa5de0e0380','384aafff-152f-4e51-8264-8c746cb8f7fc','2c591e91-f4a9-4494-9c11-4820f458f72e','8ef68b12-b306-4e05-9af4-abcf8a97e319','20fff14f-0a64-4d53-b6b8-8342d85e2c88')[0m

2026/10/01 07:52:00 [32mE:/my project/Golang/hr/hr-backend/internal/httpapi/auth.go:40 [33mSLOW SQL >= 200ms
[0m[31;1m[957.839ms] [33m[rows:1][35m SELECT * FROM "roles" WHERE "roles"."id" = '6204ad4f-b588-49ed-9ae0-874e6e11feee'[0m

2026/10/01 07:52:00 [32mE:/my project/Golang/hr/hr-backend/internal/httpapi/auth.go:40 [33mSLOW SQL >= 200ms
[0m[31;1m[1536.168ms] [33m[rows:1][35m SELECT * FROM "memberships" WHERE "memberships"."user_id" = '09947f6a-e1c8-4b63-830b-54df35d6151e'[0m

2026/10/01 07:52:00 [32mE:/my project/Golang/hr/hr-backend/internal/httpapi/auth.go:40 [33mSLOW SQL >= 200ms
[0m[31;1m[3146.090ms] [33m[rows:1][35m SELECT * FROM "users" WHERE lower(email) = 'sarah@simpul.co.id' ORDER BY "users"."id" LIMIT 1[0m

2026/10/01 07:52:01 [32mE:/my project/Golang/hr/hr-backend/internal/httpapi/context.go:66 [33mSLOW SQL >= 200ms
[0m[31;1m[449.186ms] [33m[rows:0][35m SELECT employee_id FROM memberships WHERE id = '9f6393bb-e49d-426c-bbb3-c205d01b45cc' AND user_id = '09947f6a-e1c8-4b63-830b-54df35d6151e' AND organization_id = 'a853448f-0fe7-4fd1-b5bf-af8f6857561c'[0m
{"time":"2026-10-01T07:52:01.5499433+07:00","level":"INFO","msg":"http request","method":"OPTIONS","path":"","status":204,"durationMs":0,"requestId":"c9aaeb8f-aa27-495c-b8b0-d8c249a5674a"}
{"time":"2026-10-01T07:52:01.5509441+07:00","level":"INFO","msg":"http request","method":"OPTIONS","path":"","status":204,"durationMs":0,"requestId":"247c0651-fa7d-4a57-85ca-ff271d5031f9"}
{"time":"2026-10-01T07:52:01.5519431+07:00","level":"INFO","msg":"http request","method":"OPTIONS","path":"","status":204,"durationMs":0,"requestId":"6030ddd4-9b7c-46cb-b6be-842ba235b7c9"}
{"time":"2026-10-01T07:52:01.5758703+07:00","level":"INFO","msg":"http request","method":"POST","path":"/v1/realtime/tickets","status":200,"durationMs":971,"requestId":"53d6c161-e4f0-4102-b459-0a1527ca44f9"}

2026/10/01 07:52:01 [32mE:/my project/Golang/hr/hr-backend/internal/httpapi/context.go:66
[0m[33m[42.016ms] [34;1m[rows:0][0m SELECT employee_id FROM memberships WHERE id = '9f6393bb-e49d-426c-bbb3-c205d01b45cc' AND user_id = '09947f6a-e1c8-4b63-830b-54df35d6151e' AND organization_id = 'a853448f-0fe7-4fd1-b5bf-af8f6857561c'

2026/10/01 07:52:01 [32mE:/my project/Golang/hr/hr-backend/internal/httpapi/collaboration.go:35 [33mSLOW SQL >= 200ms
[0m[31;1m[207.864ms] [33m[rows:1][35m SELECT count(*) FROM "notifications" WHERE organization_id='a853448f-0fe7-4fd1-b5bf-af8f6857561c' AND user_id='09947f6a-e1c8-4b63-830b-54df35d6151e' AND dismissed_at IS NULL[0m

2026/10/01 07:52:01 [32mE:/my project/Golang/hr/hr-backend/internal/httpapi/context.go:66 [33mSLOW SQL >= 200ms
[0m[31;1m[254.875ms] [33m[rows:0][35m SELECT employee_id FROM memberships WHERE id = '9f6393bb-e49d-426c-bbb3-c205d01b45cc' AND user_id = '09947f6a-e1c8-4b63-830b-54df35d6151e' AND organization_id = 'a853448f-0fe7-4fd1-b5bf-af8f6857561c'[0m

2026/10/01 07:52:02 [32mE:/my project/Golang/hr/hr-backend/internal/httpapi/collaboration.go:36 [33mSLOW SQL >= 200ms
[0m[31;1m[296.435ms] [33m[rows:3][35m SELECT * FROM "notifications" WHERE organization_id='a853448f-0fe7-4fd1-b5bf-af8f6857561c' AND user_id='09947f6a-e1c8-4b63-830b-54df35d6151e' AND dismissed_at IS NULL ORDER BY created_at DESC LIMIT 20[0m
{"time":"2026-10-01T07:52:02.2221582+07:00","level":"INFO","msg":"http request","method":"GET","path":"/v1/notifications","status":200,"durationMs":657,"requestId":"81d53d6b-6f63-49f4-9f49-21f35996139c"}

2026/10/01 07:52:02 [32mE:/my project/Golang/hr/hr-backend/internal/httpapi/core.go:857 [33mSLOW SQL >= 200ms
[0m[31;1m[311.661ms] [33m[rows:1][35m SELECT count(*) FROM "employees" WHERE organization_id = 'a853448f-0fe7-4fd1-b5bf-af8f6857561c' AND status = 'active' AND deleted_at IS NULL[0m

2026/10/01 07:52:02 [32mE:/my project/Golang/hr/hr-backend/internal/httpapi/core.go:858 [33mSLOW SQL >= 200ms
[0m[31;1m[342.450ms] [33m[rows:1][35m SELECT count(*) FROM "leave_requests" WHERE organization_id = 'a853448f-0fe7-4fd1-b5bf-af8f6857561c' AND status = 'pending'[0m

2026/10/01 07:52:03 [32mE:/my project/Golang/hr/hr-backend/internal/httpapi/auth.go:262 [33mSLOW SQL >= 200ms
[0m[31;1m[277.659ms] [33m[rows:1][35m SELECT * FROM "refresh_sessions" WHERE token_hash = 'fe7348e83346105fcfcf5fbde6cfa4039909dad1f0ff169a54e33b5f64815b07' AND revoked_at IS NULL AND expires_at > '2026-10-01 00:52:02.859' ORDER BY "refresh_sessions"."id" LIMIT 1[0m

2026/10/01 07:52:03 [32mE:/my project/Golang/hr/hr-backend/internal/httpapi/auth.go:245 [33mSLOW SQL >= 200ms
[0m[31;1m[1370.845ms] [33m[rows:1][35m INSERT INTO "refresh_sessions" ("user_id","membership_id","organization_id","token_hash","expires_at","revoked_at","user_agent","ip_address","created_at") VALUES ('09947f6a-e1c8-4b63-830b-54df35d6151e','9f6393bb-e49d-426c-bbb3-c205d01b45cc','a853448f-0fe7-4fd1-b5bf-af8f6857561c','ec0b11b966f1d7ad2b17e1db9fa9d5597db39417b9fc8a5a95b149fe9cfda2c7','2026-10-31 00:52:01.813',NULL,'Mozilla/5.0 (Windows NT 10.0; Win64; x64) AppleWebKit/537.36 (KHTML, like Gecko) Chrome/153.0.8010.12 Safari/537.36','::1','2026-10-01 00:52:02.859') RETURNING "id"[0m

2026/10/01 07:52:03 [32mE:/my project/Golang/hr/hr-backend/internal/httpapi/core.go:860 [33mSLOW SQL >= 200ms
[0m[31;1m[325.796ms] [33m[rows:1][35m SELECT * FROM "payroll_runs" WHERE organization_id = 'a853448f-0fe7-4fd1-b5bf-af8f6857561c' ORDER BY period_end DESC,"payroll_runs"."id" LIMIT 1[0m

2026/10/01 07:52:03 [32mE:/my project/Golang/hr/hr-backend/internal/httpapi/auth.go:269
[0m[33m[128.210ms] [34;1m[rows:1][0m SELECT * FROM "users" WHERE id = '09947f6a-e1c8-4b63-830b-54df35d6151e' ORDER BY "users"."id" LIMIT 1

2026/10/01 07:52:03 [32mE:/my project/Golang/hr/hr-backend/internal/httpapi/auth.go:249
[0m[33m[69.089ms] [34;1m[rows:0][0m INSERT INTO "organizations" ("slug","name","industry","address","phone","email","timezone","locale","currency","created_at","updated_at","id") VALUES ('simpul-demo','PT Simpul Teknologi Indonesia','Teknologi Informasi & SaaS','Sopo Del Tower Lt. 18, Mega Kuningan, Jakarta Selatan','+62 21-5088-0123','ops@simpul.co.id','Asia/Jakarta','id-ID','IDR','2026-10-01 07:38:31.513','2026-10-01 07:46:46.184','a853448f-0fe7-4fd1-b5bf-af8f6857561c') ON CONFLICT DO NOTHING RETURNING "id"

2026/10/01 07:52:03 [32mE:/my project/Golang/hr/hr-backend/internal/httpapi/core.go:867
[0m[33m[182.193ms] [34;1m[rows:5][0m SELECT date, COUNT(*) FILTER (WHERE status IN ('present','late')) AS attendance, COALESCE(SUM(overtime_minutes),0) AS overtime FROM attendances WHERE organization_id = 'a853448f-0fe7-4fd1-b5bf-af8f6857561c' AND date >= CURRENT_DATE - INTERVAL '6 days' GROUP BY date ORDER BY date

2026/10/01 07:52:03 [32mE:/my project/Golang/hr/hr-backend/internal/httpapi/auth.go:273
[0m[33m[111.378ms] [34;1m[rows:1][0m SELECT * FROM "organizations" WHERE "organizations"."id" = 'a853448f-0fe7-4fd1-b5bf-af8f6857561c'

2026/10/01 07:52:03 [32mE:/my project/Golang/hr/hr-backend/internal/httpapi/operations.go:48
[0m[33m[176.572ms] [34;1m[rows:1][0m SELECT "timezone" FROM "organizations" WHERE id = 'a853448f-0fe7-4fd1-b5bf-af8f6857561c'

2026/10/01 07:52:03 [32m
[0m[33m[59.347ms] [34;1m[rows:0][0m INSERT INTO "permissions" ("key","label","description","id") VALUES ('performance.manage','Mengelola Performa','','2950c517-fbc0-42cc-8237-5b2189cc58fe'),('settings.manage','Mengelola Pengaturan','','5c79a954-bd36-41cc-ae16-3076ca3e8a05'),('support.manage','Mengelola Tiket Bantuan','','9af8080e-abc3-4581-8c5e-e27a863de468'),('employees.view','Melihat Direktori Karyawan','','d835d01b-3013-49b9-9d77-15ca14422a22'),('employees.manage','Mengelola Data Karyawan','','ae9af0a2-4ffe-4cd0-9933-bfa5de0e0380'),('attendance.manage','Mengelola Absensi dan Shift','','384aafff-152f-4e51-8264-8c746cb8f7fc'),('payroll.run','Menjalankan Payroll','','2c591e91-f4a9-4494-9c11-4820f458f72e'),('recruitment.view','Melihat Rekrutmen','','8ef68b12-b306-4e05-9af4-abcf8a97e319'),('recruitment.manage','Mengelola Rekrutmen','','20fff14f-0a64-4d53-b6b8-8342d85e2c88'),('performance.view','Melihat Performa','','bee3b15c-a1f5-4c31-8f21-52422fe1d779'),('analytics.view','Melihat Analitik','','6e20086b-bd5c-4d7f-89a6-b3d95ab3e7a0'),('attendance.view','Melihat Absensi dan Shift','','d19e697a-98e2-469e-9214-a6fa30b4fd3f'),('leave.approve','Menyetujui Cuti','','b8e8b45f-aa33-4db5-b4eb-343fb2fa9b37'),('payroll.view','Melihat Payroll','','9812c3be-57c2-4fb2-b0dc-55de9c83c00b') ON CONFLICT DO NOTHING RETURNING "id"

2026/10/01 07:52:03 [32mE:/my project/Golang/hr/hr-backend/internal/httpapi/auth.go:273
[0m[33m[78.963ms] [34;1m[rows:14][0m SELECT * FROM "role_permissions" WHERE "role_permissions"."role_id" = '6204ad4f-b588-49ed-9ae0-874e6e11feee'

2026/10/01 07:52:03 [32mE:/my project/Golang/hr/hr-backend/internal/httpapi/core.go:896
[0m[33m[163.805ms] [34;1m[rows:0][0m SELECT "attention_key" FROM "attention_dismissals" WHERE organization_id = 'a853448f-0fe7-4fd1-b5bf-af8f6857561c' AND user_id = '09947f6a-e1c8-4b63-830b-54df35d6151e'

2026/10/01 07:52:03 [32m
[0m[33m[125.228ms] [34;1m[rows:0][0m INSERT INTO "role_permissions" ("role_id","permission_id") VALUES ('6204ad4f-b588-49ed-9ae0-874e6e11feee','2950c517-fbc0-42cc-8237-5b2189cc58fe'),('6204ad4f-b588-49ed-9ae0-874e6e11feee','5c79a954-bd36-41cc-ae16-3076ca3e8a05'),('6204ad4f-b588-49ed-9ae0-874e6e11feee','9af8080e-abc3-4581-8c5e-e27a863de468'),('6204ad4f-b588-49ed-9ae0-874e6e11feee','d835d01b-3013-49b9-9d77-15ca14422a22'),('6204ad4f-b588-49ed-9ae0-874e6e11feee','ae9af0a2-4ffe-4cd0-9933-bfa5de0e0380'),('6204ad4f-b588-49ed-9ae0-874e6e11feee','384aafff-152f-4e51-8264-8c746cb8f7fc'),('6204ad4f-b588-49ed-9ae0-874e6e11feee','2c591e91-f4a9-4494-9c11-4820f458f72e'),('6204ad4f-b588-49ed-9ae0-874e6e11feee','8ef68b12-b306-4e05-9af4-abcf8a97e319'),('6204ad4f-b588-49ed-9ae0-874e6e11feee','20fff14f-0a64-4d53-b6b8-8342d85e2c88'),('6204ad4f-b588-49ed-9ae0-874e6e11feee','bee3b15c-a1f5-4c31-8f21-52422fe1d779'),('6204ad4f-b588-49ed-9ae0-874e6e11feee','6e20086b-bd5c-4d7f-89a6-b3d95ab3e7a0'),('6204ad4f-b588-49ed-9ae0-874e6e11feee','d19e697a-98e2-469e-9214-a6fa30b4fd3f'),('6204ad4f-b588-49ed-9ae0-874e6e11feee','b8e8b45f-aa33-4db5-b4eb-343fb2fa9b37'),('6204ad4f-b588-49ed-9ae0-874e6e11feee','9812c3be-57c2-4fb2-b0dc-55de9c83c00b') ON CONFLICT DO NOTHING RETURNING "role_id","permission_id"

2026/10/01 07:52:03 [32mE:/my project/Golang/hr/hr-backend/internal/httpapi/auth.go:249 [33mSLOW SQL >= 200ms
[0m[31;1m[395.134ms] [33m[rows:0][35m INSERT INTO "roles" ("organization_id","key","name","description","is_system","created_at","updated_at","id") VALUES ('a853448f-0fe7-4fd1-b5bf-af8f6857561c','hr_admin','HR Admin','System role hr_admin',true,'2026-10-01 07:38:33.93','2026-10-01 07:46:49.167','6204ad4f-b588-49ed-9ae0-874e6e11feee') ON CONFLICT DO NOTHING RETURNING "id"[0m

2026/10/01 07:52:03 [32mE:/my project/Golang/hr/hr-backend/internal/httpapi/auth.go:273
[0m[33m[72.157ms] [34;1m[rows:14][0m SELECT * FROM "permissions" WHERE "permissions"."id" IN ('bee3b15c-a1f5-4c31-8f21-52422fe1d779','6e20086b-bd5c-4d7f-89a6-b3d95ab3e7a0','d19e697a-98e2-469e-9214-a6fa30b4fd3f','b8e8b45f-aa33-4db5-b4eb-343fb2fa9b37','9812c3be-57c2-4fb2-b0dc-55de9c83c00b','2950c517-fbc0-42cc-8237-5b2189cc58fe','5c79a954-bd36-41cc-ae16-3076ca3e8a05','9af8080e-abc3-4581-8c5e-e27a863de468','d835d01b-3013-49b9-9d77-15ca14422a22','ae9af0a2-4ffe-4cd0-9933-bfa5de0e0380','384aafff-152f-4e51-8264-8c746cb8f7fc','2c591e91-f4a9-4494-9c11-4820f458f72e','8ef68b12-b306-4e05-9af4-abcf8a97e319','20fff14f-0a64-4d53-b6b8-8342d85e2c88')

2026/10/01 07:52:03 [32mE:/my project/Golang/hr/hr-backend/internal/httpapi/auth.go:273 [33mSLOW SQL >= 200ms
[0m[31;1m[249.564ms] [33m[rows:1][35m SELECT * FROM "roles" WHERE "roles"."id" = '6204ad4f-b588-49ed-9ae0-874e6e11feee'[0m

2026/10/01 07:52:03 [32mE:/my project/Golang/hr/hr-backend/internal/httpapi/auth.go:273 [33mSLOW SQL >= 200ms
[0m[31;1m[535.250ms] [33m[rows:1][35m SELECT * FROM "memberships" WHERE id = '9f6393bb-e49d-426c-bbb3-c205d01b45cc' ORDER BY "memberships"."id" LIMIT 1[0m

2026/10/01 07:52:03 [32mE:/my project/Golang/hr/hr-backend/internal/httpapi/auth.go:249 [33mSLOW SQL >= 200ms
[0m[31;1m[560.974ms] [33m[rows:1][35m INSERT INTO "memberships" ("organization_id","user_id","employee_id","role_id","created_at","updated_at","id") VALUES ('a853448f-0fe7-4fd1-b5bf-af8f6857561c','09947f6a-e1c8-4b63-830b-54df35d6151e','99d21239-e245-44f3-ba50-31138747118b','6204ad4f-b588-49ed-9ae0-874e6e11feee','2026-10-01 07:38:42.175','2026-10-01 07:46:57.406','9f6393bb-e49d-426c-bbb3-c205d01b45cc') ON CONFLICT ("id") DO UPDATE SET "user_id"="excluded"."user_id" RETURNING "id"[0m

2026/10/01 07:52:03 [32mE:/my project/Golang/hr/hr-backend/internal/httpapi/core.go:903
[0m[33m[111.717ms] [34;1m[rows:1][0m SELECT count(*) FROM "employees" WHERE organization_id = 'a853448f-0fe7-4fd1-b5bf-af8f6857561c' AND end_date BETWEEN CURRENT_DATE AND CURRENT_DATE + INTERVAL '30 days'

2026/10/01 07:52:03 [32mE:/my project/Golang/hr/hr-backend/internal/httpapi/auth.go:249 [33mSLOW SQL >= 200ms
[0m[31;1m[733.116ms] [33m[rows:1][35m UPDATE "users" SET "last_login_at"='2026-10-01 00:52:03.207',"updated_at"='2026-10-01 00:52:03.251' WHERE "id" = '09947f6a-e1c8-4b63-830b-54df35d6151e'[0m
{"time":"2026-10-01T07:52:03.9561533+07:00","level":"INFO","msg":"http request","method":"POST","path":"/v1/auth/login","status":200,"durationMs":9900,"requestId":"409e9a18-1f2a-443f-a343-35baec611f61"}
{"time":"2026-10-01T07:52:04.1535167+07:00","level":"INFO","msg":"http request","method":"OPTIONS","path":"","status":204,"durationMs":0,"requestId":"ca737b4b-807b-4705-8529-059843f624f9"}
{"time":"2026-10-01T07:52:04.2470795+07:00","level":"INFO","msg":"http request","method":"OPTIONS","path":"","status":204,"durationMs":0,"requestId":"47f97a61-4d53-4dca-943c-cb1516344aaa"}

2026/10/01 07:52:04 [32mE:/my project/Golang/hr/hr-backend/internal/httpapi/auth.go:278 [33mSLOW SQL >= 200ms
[0m[31;1m[516.928ms] [33m[rows:1][35m UPDATE "refresh_sessions" SET "revoked_at"='2026-10-01 00:52:03.804' WHERE "id" = '6483bd19-8695-4896-b37c-e97dfcb77ac2'[0m

2026/10/01 07:52:04 [32mE:/my project/Golang/hr/hr-backend/internal/httpapi/core.go:908 [33mSLOW SQL >= 200ms
[0m[31;1m[400.353ms] [33m[rows:1][35m SELECT count(*) FROM "leave_requests" WHERE organization_id = 'a853448f-0fe7-4fd1-b5bf-af8f6857561c' AND status = 'pending'[0m
{"time":"2026-10-01T07:52:04.2470795+07:00","level":"INFO","msg":"http request","method":"OPTIONS","path":"","status":204,"durationMs":0,"requestId":"13a9c410-725d-4e46-b821-ff47e4228b96"}
{"time":"2026-10-01T07:52:04.2480791+07:00","level":"INFO","msg":"http request","method":"OPTIONS","path":"","status":204,"durationMs":0,"requestId":"86d4da72-2d71-4e56-98f0-9e2a5b303552"}

2026/10/01 07:52:04 [32mE:/my project/Golang/hr/hr-backend/internal/httpapi/auth.go:245 [33mSLOW SQL >= 200ms
[0m[31;1m[247.468ms] [33m[rows:1][35m INSERT INTO "refresh_sessions" ("user_id","membership_id","organization_id","token_hash","expires_at","revoked_at","user_agent","ip_address","created_at") VALUES ('09947f6a-e1c8-4b63-830b-54df35d6151e','9f6393bb-e49d-426c-bbb3-c205d01b45cc','a853448f-0fe7-4fd1-b5bf-af8f6857561c','80daa2a6c95e2a36296e7e2d46036b9c2a0ceb9d18721f92fe65078d21538570','2026-10-31 00:52:04.413',NULL,'Mozilla/5.0 (Windows NT 10.0; Win64; x64) AppleWebKit/537.36 (KHTML, like Gecko) Chrome/153.0.8010.12 Safari/537.36','::1','2026-10-01 00:52:04.494') RETURNING "id"[0m

2026/10/01 07:52:04 [32mE:/my project/Golang/hr/hr-backend/internal/httpapi/core.go:883 [33mSLOW SQL >= 200ms
[0m[31;1m[229.643ms] [33m[rows:1][35m SELECT count(*) FROM "employees" WHERE organization_id = 'a853448f-0fe7-4fd1-b5bf-af8f6857561c' AND deleted_at IS NULL AND hire_date >= date_trunc('month', CURRENT_DATE)[0m

2026/10/01 07:52:04 [32mE:/my project/Golang/hr/hr-backend/internal/httpapi/core.go:884
[0m[33m[195.074ms] [34;1m[rows:1][0m SELECT count(*) FROM "departments" WHERE organization_id = 'a853448f-0fe7-4fd1-b5bf-af8f6857561c'

2026/10/01 07:52:05 [32mE:/my project/Golang/hr/hr-backend/internal/httpapi/auth.go:249 [33mSLOW SQL >= 200ms
[0m[31;1m[392.857ms] [33m[rows:1][35m UPDATE "users" SET "last_login_at"='2026-10-01 00:52:04.727',"updated_at"='2026-10-01 00:52:04.837' WHERE "id" = '09947f6a-e1c8-4b63-830b-54df35d6151e'[0m
{"time":"2026-10-01T07:52:05.1432094+07:00","level":"INFO","msg":"http request","method":"POST","path":"/v1/auth/refresh","status":200,"durationMs":2283,"requestId":"56d7b45f-1d07-43bc-ae9f-807a210a9549"}

2026/10/01 07:52:05 [32mE:/my project/Golang/hr/hr-backend/internal/httpapi/auth.go:262 [33mSLOW SQL >= 200ms
[0m[31;1m[263.738ms] [33m[rows:1][35m SELECT * FROM "refresh_sessions" WHERE token_hash = 'ec0b11b966f1d7ad2b17e1db9fa9d5597db39417b9fc8a5a95b149fe9cfda2c7' AND revoked_at IS NULL AND expires_at > '2026-10-01 00:52:04.856' ORDER BY "refresh_sessions"."id" LIMIT 1[0m

2026/10/01 07:52:05 [32mE:/my project/Golang/hr/hr-backend/internal/httpapi/core.go:885
[0m[33m[155.032ms] [34;1m[rows:1][0m SELECT count(*) FROM "employees" WHERE organization_id = 'a853448f-0fe7-4fd1-b5bf-af8f6857561c' AND status = 'on_leave' AND deleted_at IS NULL

2026/10/01 07:52:05 [32mE:/my project/Golang/hr/hr-backend/internal/httpapi/context.go:66
[0m[33m[141.179ms] [34;1m[rows:0][0m SELECT employee_id FROM memberships WHERE id = '9f6393bb-e49d-426c-bbb3-c205d01b45cc' AND user_id = '09947f6a-e1c8-4b63-830b-54df35d6151e' AND organization_id = 'a853448f-0fe7-4fd1-b5bf-af8f6857561c'

2026/10/01 07:52:05 [32mE:/my project/Golang/hr/hr-backend/internal/httpapi/context.go:66
[0m[33m[142.177ms] [34;1m[rows:0][0m SELECT employee_id FROM memberships WHERE id = '9f6393bb-e49d-426c-bbb3-c205d01b45cc' AND user_id = '09947f6a-e1c8-4b63-830b-54df35d6151e' AND organization_id = 'a853448f-0fe7-4fd1-b5bf-af8f6857561c'
{"time":"2026-10-01T07:52:05.426713+07:00","level":"INFO","msg":"http request","method":"GET","path":"/v1/dashboard/summary","status":200,"durationMs":3862,"requestId":"6e5886d9-2f58-4876-944d-66cd930f8074"}

2026/10/01 07:52:05 [32mE:/my project/Golang/hr/hr-backend/internal/httpapi/context.go:66 [33mSLOW SQL >= 200ms
[0m[31;1m[211.802ms] [33m[rows:0][35m SELECT employee_id FROM memberships WHERE id = '9f6393bb-e49d-426c-bbb3-c205d01b45cc' AND user_id = '09947f6a-e1c8-4b63-830b-54df35d6151e' AND organization_id = 'a853448f-0fe7-4fd1-b5bf-af8f6857561c'[0m

2026/10/01 07:52:05 [32mE:/my project/Golang/hr/hr-backend/internal/httpapi/collaboration.go:35
[0m[33m[167.413ms] [34;1m[rows:1][0m SELECT count(*) FROM "notifications" WHERE organization_id='a853448f-0fe7-4fd1-b5bf-af8f6857561c' AND user_id='09947f6a-e1c8-4b63-830b-54df35d6151e' AND dismissed_at IS NULL
{"time":"2026-10-01T07:52:05.7690496+07:00","level":"INFO","msg":"http request","method":"POST","path":"/v1/realtime/tickets","status":200,"durationMs":541,"requestId":"ab4c0a2a-9fdd-4dd9-8e78-fc48ba791517"}

2026/10/01 07:52:05 [32mE:/my project/Golang/hr/hr-backend/internal/httpapi/collaboration.go:36
[0m[33m[166.995ms] [34;1m[rows:3][0m SELECT * FROM "notifications" WHERE organization_id='a853448f-0fe7-4fd1-b5bf-af8f6857561c' AND user_id='09947f6a-e1c8-4b63-830b-54df35d6151e' AND dismissed_at IS NULL ORDER BY created_at DESC LIMIT 20
{"time":"2026-10-01T07:52:05.862807+07:00","level":"INFO","msg":"http request","method":"GET","path":"/v1/notifications","status":200,"durationMs":635,"requestId":"347178f0-f20d-4ebc-b8b2-d9b81c77daaf"}

2026/10/01 07:52:05 [32mE:/my project/Golang/hr/hr-backend/internal/httpapi/auth.go:269 [33mSLOW SQL >= 200ms
[0m[31;1m[658.634ms] [33m[rows:1][35m SELECT * FROM "users" WHERE id = '09947f6a-e1c8-4b63-830b-54df35d6151e' ORDER BY "users"."id" LIMIT 1[0m

2026/10/01 07:52:05 [32mE:/my project/Golang/hr/hr-backend/internal/httpapi/core.go:857
[0m[33m[138.887ms] [34;1m[rows:1][0m SELECT count(*) FROM "employees" WHERE organization_id = 'a853448f-0fe7-4fd1-b5bf-af8f6857561c' AND status = 'active' AND deleted_at IS NULL

2026/10/01 07:52:06 [32mE:/my project/Golang/hr/hr-backend/internal/httpapi/core.go:858 [33mSLOW SQL >= 200ms
[0m[31;1m[288.084ms] [33m[rows:1][35m SELECT count(*) FROM "leave_requests" WHERE organization_id = 'a853448f-0fe7-4fd1-b5bf-af8f6857561c' AND status = 'pending'[0m

2026/10/01 07:52:06 [32mE:/my project/Golang/hr/hr-backend/internal/httpapi/auth.go:273 [33mSLOW SQL >= 200ms
[0m[31;1m[245.774ms] [33m[rows:1][35m SELECT * FROM "organizations" WHERE "organizations"."id" = 'a853448f-0fe7-4fd1-b5bf-af8f6857561c'[0m

2026/10/01 07:52:06 [32mE:/my project/Golang/hr/hr-backend/internal/httpapi/core.go:860
[0m[33m[185.366ms] [34;1m[rows:1][0m SELECT * FROM "payroll_runs" WHERE organization_id = 'a853448f-0fe7-4fd1-b5bf-af8f6857561c' ORDER BY period_end DESC,"payroll_runs"."id" LIMIT 1

2026/10/01 07:52:06 [32mE:/my project/Golang/hr/hr-backend/internal/httpapi/auth.go:273
[0m[33m[189.511ms] [34;1m[rows:14][0m SELECT * FROM "role_permissions" WHERE "role_permissions"."role_id" = '6204ad4f-b588-49ed-9ae0-874e6e11feee'

2026/10/01 07:52:06 [32mE:/my project/Golang/hr/hr-backend/internal/httpapi/core.go:867 [33mSLOW SQL >= 200ms
[0m[31;1m[205.768ms] [33m[rows:5][35m SELECT date, COUNT(*) FILTER (WHERE status IN ('present','late')) AS attendance, COALESCE(SUM(overtime_minutes),0) AS overtime FROM attendances WHERE organization_id = 'a853448f-0fe7-4fd1-b5bf-af8f6857561c' AND date >= CURRENT_DATE - INTERVAL '6 days' GROUP BY date ORDER BY date[0m

2026/10/01 07:52:06 [32mE:/my project/Golang/hr/hr-backend/internal/httpapi/auth.go:273
[0m[33m[140.530ms] [34;1m[rows:14][0m SELECT * FROM "permissions" WHERE "permissions"."id" IN ('bee3b15c-a1f5-4c31-8f21-52422fe1d779','6e20086b-bd5c-4d7f-89a6-b3d95ab3e7a0','d19e697a-98e2-469e-9214-a6fa30b4fd3f','b8e8b45f-aa33-4db5-b4eb-343fb2fa9b37','9812c3be-57c2-4fb2-b0dc-55de9c83c00b','2950c517-fbc0-42cc-8237-5b2189cc58fe','5c79a954-bd36-41cc-ae16-3076ca3e8a05','9af8080e-abc3-4581-8c5e-e27a863de468','d835d01b-3013-49b9-9d77-15ca14422a22','ae9af0a2-4ffe-4cd0-9933-bfa5de0e0380','384aafff-152f-4e51-8264-8c746cb8f7fc','2c591e91-f4a9-4494-9c11-4820f458f72e','8ef68b12-b306-4e05-9af4-abcf8a97e319','20fff14f-0a64-4d53-b6b8-8342d85e2c88')

2026/10/01 07:52:06 [32mE:/my project/Golang/hr/hr-backend/internal/httpapi/auth.go:273 [33mSLOW SQL >= 200ms
[0m[31;1m[496.524ms] [33m[rows:1][35m SELECT * FROM "roles" WHERE "roles"."id" = '6204ad4f-b588-49ed-9ae0-874e6e11feee'[0m

2026/10/01 07:52:06 [32mE:/my project/Golang/hr/hr-backend/internal/httpapi/auth.go:273 [33mSLOW SQL >= 200ms
[0m[31;1m[912.458ms] [33m[rows:1][35m SELECT * FROM "memberships" WHERE id = '9f6393bb-e49d-426c-bbb3-c205d01b45cc' ORDER BY "memberships"."id" LIMIT 1[0m

2026/10/01 07:52:06 [32mE:/my project/Golang/hr/hr-backend/internal/httpapi/operations.go:48
[0m[33m[162.130ms] [34;1m[rows:1][0m SELECT "timezone" FROM "organizations" WHERE id = 'a853448f-0fe7-4fd1-b5bf-af8f6857561c'

2026/10/01 07:52:07 [32mE:/my project/Golang/hr/hr-backend/internal/httpapi/core.go:896
[0m[33m[122.779ms] [34;1m[rows:0][0m SELECT "attention_key" FROM "attention_dismissals" WHERE organization_id = 'a853448f-0fe7-4fd1-b5bf-af8f6857561c' AND user_id = '09947f6a-e1c8-4b63-830b-54df35d6151e'
{"time":"2026-10-01T07:52:07.1105716+07:00","level":"INFO","msg":"http request","method":"POST","path":"/v1/auth/refresh","status":401,"durationMs":0,"requestId":"72ce1810-acde-47bb-955f-688b2ce58755"}

2026/10/01 07:52:07 [32mE:/my project/Golang/hr/hr-backend/internal/httpapi/auth.go:278 [33mSLOW SQL >= 200ms
[0m[31;1m[367.296ms] [33m[rows:1][35m UPDATE "refresh_sessions" SET "revoked_at"='2026-10-01 00:52:06.851' WHERE "id" = 'b0b3ea63-15ab-4932-8bdc-a71ce674f1f6'[0m

2026/10/01 07:52:07 [32mE:/my project/Golang/hr/hr-backend/internal/httpapi/core.go:903 [33mSLOW SQL >= 200ms
[0m[31;1m[221.547ms] [33m[rows:1][35m SELECT count(*) FROM "employees" WHERE organization_id = 'a853448f-0fe7-4fd1-b5bf-af8f6857561c' AND end_date BETWEEN CURRENT_DATE AND CURRENT_DATE + INTERVAL '30 days'[0m

2026/10/01 07:52:07 [32mE:/my project/Golang/hr/hr-backend/internal/httpapi/core.go:908
[0m[33m[86.686ms] [34;1m[rows:1][0m SELECT count(*) FROM "leave_requests" WHERE organization_id = 'a853448f-0fe7-4fd1-b5bf-af8f6857561c' AND status = 'pending'

2026/10/01 07:52:07 [32mE:/my project/Golang/hr/hr-backend/internal/httpapi/auth.go:245 [33mSLOW SQL >= 200ms
[0m[31;1m[297.100ms] [33m[rows:1][35m INSERT INTO "refresh_sessions" ("user_id","membership_id","organization_id","token_hash","expires_at","revoked_at","user_agent","ip_address","created_at") VALUES ('09947f6a-e1c8-4b63-830b-54df35d6151e','9f6393bb-e49d-426c-bbb3-c205d01b45cc','a853448f-0fe7-4fd1-b5bf-af8f6857561c','aae14df1a84d0fdb1e87f2b546b4ce49db76d2636bd0719905d6f971dff4edae','2026-10-31 00:52:07.267',NULL,'Mozilla/5.0 (Windows NT 10.0; Win64; x64) AppleWebKit/537.36 (KHTML, like Gecko) Chrome/153.0.8010.12 Safari/537.36','::1','2026-10-01 00:52:07.395') RETURNING "id"[0m

2026/10/01 07:52:07 [32mE:/my project/Golang/hr/hr-backend/internal/httpapi/core.go:883 [33mSLOW SQL >= 200ms
[0m[31;1m[236.033ms] [33m[rows:1][35m SELECT count(*) FROM "employees" WHERE organization_id = 'a853448f-0fe7-4fd1-b5bf-af8f6857561c' AND deleted_at IS NULL AND hire_date >= date_trunc('month', CURRENT_DATE)[0m

2026/10/01 07:52:08 [32mE:/my project/Golang/hr/hr-backend/internal/httpapi/core.go:884 [33mSLOW SQL >= 200ms
[0m[31;1m[230.352ms] [33m[rows:1][35m SELECT count(*) FROM "departments" WHERE organization_id = 'a853448f-0fe7-4fd1-b5bf-af8f6857561c'[0m

2026/10/01 07:52:08 [32mE:/my project/Golang/hr/hr-backend/internal/httpapi/auth.go:249 [33mSLOW SQL >= 200ms
[0m[31;1m[576.772ms] [33m[rows:1][35m UPDATE "users" SET "last_login_at"='2026-10-01 00:52:07.567',"updated_at"='2026-10-01 00:52:07.686' WHERE "id" = '09947f6a-e1c8-4b63-830b-54df35d6151e'[0m
{"time":"2026-10-01T07:52:08.145695+07:00","level":"INFO","msg":"http request","method":"POST","path":"/v1/auth/refresh","status":200,"durationMs":3289,"requestId":"4c6fc109-e0cd-49fb-b082-d69d5dada98b"}
{"time":"2026-10-01T07:52:08.29761+07:00","level":"INFO","msg":"http request","method":"OPTIONS","path":"","status":204,"durationMs":0,"requestId":"77c20bf2-7768-4b13-a501-ea5337038661"}

2026/10/01 07:52:08 [32mE:/my project/Golang/hr/hr-backend/internal/httpapi/core.go:885 [33mSLOW SQL >= 200ms
[0m[31;1m[310.999ms] [33m[rows:1][35m SELECT count(*) FROM "employees" WHERE organization_id = 'a853448f-0fe7-4fd1-b5bf-af8f6857561c' AND status = 'on_leave' AND deleted_at IS NULL[0m
{"time":"2026-10-01T07:52:08.4647731+07:00","level":"INFO","msg":"http request","method":"GET","path":"/v1/dashboard/summary","status":200,"durationMs":3229,"requestId":"da2da6de-6387-41ac-8bc9-6b65ca5bfdad"}
{"time":"2026-10-01T07:52:09.5697384+07:00","level":"INFO","msg":"http request","method":"OPTIONS","path":"","status":204,"durationMs":0,"requestId":"14ddba08-a432-4dbf-9792-bc9120d2600d"}
{"time":"2026-10-01T07:52:09.5702439+07:00","level":"INFO","msg":"http request","method":"OPTIONS","path":"","status":204,"durationMs":0,"requestId":"0ca3022f-7972-4ea2-b034-baafd6de46f5"}
{"time":"2026-10-01T07:52:09.5702439+07:00","level":"INFO","msg":"http request","method":"OPTIONS","path":"","status":204,"durationMs":0,"requestId":"f520bf67-eae7-40eb-b732-156ea00b0aeb"}
{"time":"2026-10-01T07:52:09.5752473+07:00","level":"INFO","msg":"http request","method":"OPTIONS","path":"","status":204,"durationMs":0,"requestId":"acca9cd4-2afb-4396-8bda-bd06eb85cafc"}

2026/10/01 07:52:10 [32mE:/my project/Golang/hr/hr-backend/internal/httpapi/context.go:66 [33mSLOW SQL >= 200ms
[0m[31;1m[538.062ms] [33m[rows:0][35m SELECT employee_id FROM memberships WHERE id = '9f6393bb-e49d-426c-bbb3-c205d01b45cc' AND user_id = '09947f6a-e1c8-4b63-830b-54df35d6151e' AND organization_id = 'a853448f-0fe7-4fd1-b5bf-af8f6857561c'[0m

2026/10/01 07:52:10 [32mE:/my project/Golang/hr/hr-backend/internal/httpapi/context.go:66 [33mSLOW SQL >= 200ms
[0m[31;1m[518.811ms] [33m[rows:0][35m SELECT employee_id FROM memberships WHERE id = '9f6393bb-e49d-426c-bbb3-c205d01b45cc' AND user_id = '09947f6a-e1c8-4b63-830b-54df35d6151e' AND organization_id = 'a853448f-0fe7-4fd1-b5bf-af8f6857561c'[0m

2026/10/01 07:52:10 [32mE:/my project/Golang/hr/hr-backend/internal/httpapi/context.go:66 [33mSLOW SQL >= 200ms
[0m[31;1m[594.581ms] [33m[rows:0][35m SELECT employee_id FROM memberships WHERE id = '9f6393bb-e49d-426c-bbb3-c205d01b45cc' AND user_id = '09947f6a-e1c8-4b63-830b-54df35d6151e' AND organization_id = 'a853448f-0fe7-4fd1-b5bf-af8f6857561c'[0m

2026/10/01 07:52:10 [32mE:/my project/Golang/hr/hr-backend/internal/httpapi/context.go:66 [33mSLOW SQL >= 200ms
[0m[31;1m[707.809ms] [33m[rows:0][35m SELECT employee_id FROM memberships WHERE id = '9f6393bb-e49d-426c-bbb3-c205d01b45cc' AND user_id = '09947f6a-e1c8-4b63-830b-54df35d6151e' AND organization_id = 'a853448f-0fe7-4fd1-b5bf-af8f6857561c'[0m

2026/10/01 07:52:10 [32mE:/my project/Golang/hr/hr-backend/internal/httpapi/core.go:408 [33mSLOW SQL >= 200ms
[0m[31;1m[262.388ms] [33m[rows:1][35m SELECT count(*) FROM "employees" WHERE employees.organization_id = 'a853448f-0fe7-4fd1-b5bf-af8f6857561c' AND employees.deleted_at IS NULL[0m

2026/10/01 07:52:10 [32mE:/my project/Golang/hr/hr-backend/internal/httpapi/core.go:257 [33mSLOW SQL >= 200ms
[0m[31;1m[286.167ms] [33m[rows:4][35m SELECT * FROM "departments" WHERE organization_id = 'a853448f-0fe7-4fd1-b5bf-af8f6857561c' ORDER BY name[0m

2026/10/01 07:52:10 [32mE:/my project/Golang/hr/hr-backend/internal/httpapi/collaboration.go:35 [33mSLOW SQL >= 200ms
[0m[31;1m[231.788ms] [33m[rows:1][35m SELECT count(*) FROM "notifications" WHERE organization_id='a853448f-0fe7-4fd1-b5bf-af8f6857561c' AND user_id='09947f6a-e1c8-4b63-830b-54df35d6151e' AND dismissed_at IS NULL[0m

2026/10/01 07:52:10 [32mE:/my project/Golang/hr/hr-backend/internal/httpapi/core.go:262
[0m[33m[137.068ms] [34;1m[rows:1][0m SELECT count(*) FROM "employees" WHERE organization_id = 'a853448f-0fe7-4fd1-b5bf-af8f6857561c' AND department_id = 'bc32b8ee-da52-4a01-8bd1-23d42a767387' AND deleted_at IS NULL

2026/10/01 07:52:10 [32mE:/my project/Golang/hr/hr-backend/internal/httpapi/collaboration.go:36
[0m[33m[124.628ms] [34;1m[rows:3][0m SELECT * FROM "notifications" WHERE organization_id='a853448f-0fe7-4fd1-b5bf-af8f6857561c' AND user_id='09947f6a-e1c8-4b63-830b-54df35d6151e' AND dismissed_at IS NULL ORDER BY created_at DESC LIMIT 20
{"time":"2026-10-01T07:52:10.6582776+07:00","level":"INFO","msg":"http request","method":"GET","path":"/v1/notifications","status":200,"durationMs":1088,"requestId":"849c2ed1-6da4-4590-a3a8-82ab3e9ce8cb"}

2026/10/01 07:52:10 [32mE:/my project/Golang/hr/hr-backend/internal/httpapi/core.go:262
[0m[33m[123.230ms] [34;1m[rows:1][0m SELECT count(*) FROM "employees" WHERE organization_id = 'a853448f-0fe7-4fd1-b5bf-af8f6857561c' AND department_id = 'ef1eb843-2735-4430-85a2-58574ace53db' AND deleted_at IS NULL

2026/10/01 07:52:10 [32mE:/my project/Golang/hr/hr-backend/internal/httpapi/core.go:262
[0m[33m[60.710ms] [34;1m[rows:1][0m SELECT count(*) FROM "employees" WHERE organization_id = 'a853448f-0fe7-4fd1-b5bf-af8f6857561c' AND department_id = '97c6c5df-092e-4595-9cc9-0a4f87ca7ceb' AND deleted_at IS NULL

2026/10/01 07:52:10 [32mE:/my project/Golang/hr/hr-backend/internal/httpapi/core.go:262
[0m[33m[80.627ms] [34;1m[rows:1][0m SELECT count(*) FROM "employees" WHERE organization_id = 'a853448f-0fe7-4fd1-b5bf-af8f6857561c' AND department_id = '30bb9633-cd4d-486e-a539-f4a0832bdc12' AND deleted_at IS NULL
{"time":"2026-10-01T07:52:10.940464+07:00","level":"INFO","msg":"http request","method":"GET","path":"/v1/departments","status":200,"durationMs":1339,"requestId":"58fba695-1225-4180-9971-8fbda8b0854b"}

2026/10/01 07:52:10 [32mE:/my project/Golang/hr/hr-backend/internal/httpapi/core.go:342 [33mSLOW SQL >= 200ms
[0m[31;1m[512.365ms] [33m[rows:4][35m SELECT * FROM "departments" WHERE "departments"."id" IN ('30bb9633-cd4d-486e-a539-f4a0832bdc12','ef1eb843-2735-4430-85a2-58574ace53db','bc32b8ee-da52-4a01-8bd1-23d42a767387','97c6c5df-092e-4595-9cc9-0a4f87ca7ceb')[0m

2026/10/01 07:52:10 [32mE:/my project/Golang/hr/hr-backend/internal/httpapi/core.go:342 [33mSLOW SQL >= 200ms
[0m[31;1m[815.030ms] [33m[rows:6][35m SELECT * FROM "positions" WHERE positions.organization_id = 'a853448f-0fe7-4fd1-b5bf-af8f6857561c' ORDER BY title[0m
{"time":"2026-10-01T07:52:10.999233+07:00","level":"INFO","msg":"http request","method":"GET","path":"/v1/positions","status":200,"durationMs":1415,"requestId":"eac2d94b-e149-4955-8aca-0aa7bdbc3c43"}

2026/10/01 07:52:11 [32mE:/my project/Golang/hr/hr-backend/internal/httpapi/context.go:66 [33mSLOW SQL >= 200ms
[0m[31;1m[1117.181ms] [33m[rows:0][35m SELECT employee_id FROM memberships WHERE id = '9f6393bb-e49d-426c-bbb3-c205d01b45cc' AND user_id = '09947f6a-e1c8-4b63-830b-54df35d6151e' AND organization_id = 'a853448f-0fe7-4fd1-b5bf-af8f6857561c'[0m
{"time":"2026-10-01T07:52:11.1685941+07:00","level":"INFO","msg":"http request","method":"POST","path":"/v1/realtime/tickets","status":200,"durationMs":1117,"requestId":"5435e49d-d63d-43c0-877b-76cc73ceecda"}

2026/10/01 07:52:11 [32mE:/my project/Golang/hr/hr-backend/internal/httpapi/core.go:412
[0m[33m[134.542ms] [34;1m[rows:9][0m SELECT * FROM "compensations" WHERE "compensations"."employee_id" IN ('507600c3-5458-47c9-8c05-3f07a3b6ec88','dba909c3-c84f-4991-86fe-5861fa435639','ff42d55b-eef0-4536-98bc-5b35b2c5cf42','c666d592-996b-40da-b808-3babfb3efc9d','1aeec27e-8ffe-4352-8fc0-621cb3c145b4','ab1ba340-e555-45db-8360-5020f4f7c982','df62d62f-b0d3-42e8-b742-b6001c2643b7','99d21239-e245-44f3-ba50-31138747118b','ef82bfc0-7975-45f3-8c36-e2ee4282a961')

2026/10/01 07:52:11 [32mE:/my project/Golang/hr/hr-backend/internal/httpapi/core.go:412
[0m[33m[138.352ms] [34;1m[rows:4][0m SELECT * FROM "departments" WHERE "departments"."id" IN ('ef1eb843-2735-4430-85a2-58574ace53db','97c6c5df-092e-4595-9cc9-0a4f87ca7ceb','30bb9633-cd4d-486e-a539-f4a0832bdc12','bc32b8ee-da52-4a01-8bd1-23d42a767387')

2026/10/01 07:52:11 [32mE:/my project/Golang/hr/hr-backend/internal/httpapi/core.go:412 [33mSLOW SQL >= 200ms
[0m[31;1m[498.281ms] [33m[rows:3][35m SELECT * FROM "employees" WHERE "employees"."id" IN ('ff42d55b-eef0-4536-98bc-5b35b2c5cf42','c666d592-996b-40da-b808-3babfb3efc9d','df62d62f-b0d3-42e8-b742-b6001c2643b7')[0m

2026/10/01 07:52:12 [32mE:/my project/Golang/hr/hr-backend/internal/httpapi/core.go:412 [33mSLOW SQL >= 200ms
[0m[31;1m[242.806ms] [33m[rows:6][35m SELECT * FROM "positions" WHERE "positions"."id" IN ('97ff9903-45e2-4bc5-99f3-7966b794846b','b2fe25f7-5839-4f4e-8f70-55b33e742ffe','1852a8a2-7a82-49ac-8f16-9ed5a646c374','48a7d347-22be-4c0e-b24c-f2519aefc4a2','42888e9e-7b3e-4655-a22a-279061ae192d','f4cce7ba-2b29-4730-963f-73177b188f1d')[0m

2026/10/01 07:52:12 [32mE:/my project/Golang/hr/hr-backend/internal/httpapi/core.go:412 [33mSLOW SQL >= 200ms
[0m[31;1m[1693.220ms] [33m[rows:9][35m SELECT * FROM "employees" WHERE employees.organization_id = 'a853448f-0fe7-4fd1-b5bf-af8f6857561c' AND employees.deleted_at IS NULL ORDER BY full_name LIMIT 100[0m
{"time":"2026-10-01T07:52:12.2524536+07:00","level":"INFO","msg":"http request","method":"GET","path":"/v1/employees","status":200,"durationMs":2632,"requestId":"38e53949-81d8-4663-87d3-afd4b4d859bd"}

2026/10/01 07:52:12 [32mE:/my project/Golang/hr/hr-backend/internal/httpapi/auth.go:40 [33mSLOW SQL >= 200ms
[0m[31;1m[251.131ms] [33m[rows:1][35m SELECT * FROM "organizations" WHERE "organizations"."id" = 'a853448f-0fe7-4fd1-b5bf-af8f6857561c'[0m

2026/10/01 07:52:13 [32m [33mSLOW SQL >= 200ms
[0m[31;1m[206.516ms] [33m[rows:14][35m SELECT * FROM "role_permissions" WHERE "role_permissions"."role_id" = '6204ad4f-b588-49ed-9ae0-874e6e11feee'[0m

2026/10/01 07:52:13 [32m [33mSLOW SQL >= 200ms
[0m[31;1m[225.377ms] [33m[rows:14][35m SELECT * FROM "permissions" WHERE "permissions"."id" IN ('bee3b15c-a1f5-4c31-8f21-52422fe1d779','6e20086b-bd5c-4d7f-89a6-b3d95ab3e7a0','d19e697a-98e2-469e-9214-a6fa30b4fd3f','b8e8b45f-aa33-4db5-b4eb-343fb2fa9b37','9812c3be-57c2-4fb2-b0dc-55de9c83c00b','2950c517-fbc0-42cc-8237-5b2189cc58fe','5c79a954-bd36-41cc-ae16-3076ca3e8a05','9af8080e-abc3-4581-8c5e-e27a863de468','d835d01b-3013-49b9-9d77-15ca14422a22','ae9af0a2-4ffe-4cd0-9933-bfa5de0e0380','384aafff-152f-4e51-8264-8c746cb8f7fc','2c591e91-f4a9-4494-9c11-4820f458f72e','8ef68b12-b306-4e05-9af4-abcf8a97e319','20fff14f-0a64-4d53-b6b8-8342d85e2c88')[0m

2026/10/01 07:52:13 [32mE:/my project/Golang/hr/hr-backend/internal/httpapi/auth.go:40 [33mSLOW SQL >= 200ms
[0m[31;1m[943.873ms] [33m[rows:1][35m SELECT * FROM "roles" WHERE "roles"."id" = '6204ad4f-b588-49ed-9ae0-874e6e11feee'[0m

2026/10/01 07:52:13 [32mE:/my project/Golang/hr/hr-backend/internal/httpapi/auth.go:40 [33mSLOW SQL >= 200ms
[0m[31;1m[1528.339ms] [33m[rows:1][35m SELECT * FROM "memberships" WHERE "memberships"."user_id" = '09947f6a-e1c8-4b63-830b-54df35d6151e'[0m

2026/10/01 07:52:13 [32mE:/my project/Golang/hr/hr-backend/internal/httpapi/auth.go:40 [33mSLOW SQL >= 200ms
[0m[31;1m[1892.693ms] [33m[rows:1][35m SELECT * FROM "users" WHERE lower(email) = 'sarah@simpul.co.id' ORDER BY "users"."id" LIMIT 1[0m
{"time":"2026-10-01T07:52:14.049833+07:00","level":"INFO","msg":"http request","method":"POST","path":"/v1/auth/refresh","status":401,"durationMs":0,"requestId":"b410de21-f8e5-4d32-afa3-243a4c836041"}

2026/10/01 07:52:14 [32mE:/my project/Golang/hr/hr-backend/internal/httpapi/auth.go:245 [33mSLOW SQL >= 200ms
[0m[31;1m[352.412ms] [33m[rows:1][35m INSERT INTO "refresh_sessions" ("user_id","membership_id","organization_id","token_hash","expires_at","revoked_at","user_agent","ip_address","created_at") VALUES ('09947f6a-e1c8-4b63-830b-54df35d6151e','9f6393bb-e49d-426c-bbb3-c205d01b45cc','a853448f-0fe7-4fd1-b5bf-af8f6857561c','09f7616b17dc478de300226a83e5283d4a897c5b3d3bddccf15fe2beb5650b81','2026-10-31 00:52:14.187',NULL,'Mozilla/5.0 (Windows NT 10.0; Win64; x64) AppleWebKit/537.36 (KHTML, like Gecko) Chrome/153.0.8010.12 Safari/537.36','::1','2026-10-01 00:52:14.358') RETURNING "id"[0m

2026/10/01 07:52:15 [32mE:/my project/Golang/hr/hr-backend/internal/httpapi/auth.go:249 [33mSLOW SQL >= 200ms
[0m[31;1m[352.541ms] [33m[rows:0][35m INSERT INTO "organizations" ("slug","name","industry","address","phone","email","timezone","locale","currency","created_at","updated_at","id") VALUES ('simpul-demo','PT Simpul Teknologi Indonesia','Teknologi Informasi & SaaS','Sopo Del Tower Lt. 18, Mega Kuningan, Jakarta Selatan','+62 21-5088-0123','ops@simpul.co.id','Asia/Jakarta','id-ID','IDR','2026-10-01 07:38:31.513','2026-10-01 07:46:46.184','a853448f-0fe7-4fd1-b5bf-af8f6857561c') ON CONFLICT DO NOTHING RETURNING "id"[0m
{"time":"2026-10-01T07:52:15.8033567+07:00","level":"INFO","msg":"http request","method":"OPTIONS","path":"","status":204,"durationMs":0,"requestId":"f09d0cab-7adc-4ab4-aa5a-e7ac4ab48cb0"}

2026/10/01 07:52:15 [32m [33mSLOW SQL >= 200ms
[0m[31;1m[376.734ms] [33m[rows:0][35m INSERT INTO "permissions" ("key","label","description","id") VALUES ('performance.manage','Mengelola Performa','','2950c517-fbc0-42cc-8237-5b2189cc58fe'),('settings.manage','Mengelola Pengaturan','','5c79a954-bd36-41cc-ae16-3076ca3e8a05'),('support.manage','Mengelola Tiket Bantuan','','9af8080e-abc3-4581-8c5e-e27a863de468'),('employees.view','Melihat Direktori Karyawan','','d835d01b-3013-49b9-9d77-15ca14422a22'),('employees.manage','Mengelola Data Karyawan','','ae9af0a2-4ffe-4cd0-9933-bfa5de0e0380'),('attendance.manage','Mengelola Absensi dan Shift','','384aafff-152f-4e51-8264-8c746cb8f7fc'),('payroll.run','Menjalankan Payroll','','2c591e91-f4a9-4494-9c11-4820f458f72e'),('recruitment.view','Melihat Rekrutmen','','8ef68b12-b306-4e05-9af4-abcf8a97e319'),('recruitment.manage','Mengelola Rekrutmen','','20fff14f-0a64-4d53-b6b8-8342d85e2c88'),('performance.view','Melihat Performa','','bee3b15c-a1f5-4c31-8f21-52422fe1d779'),('analytics.view','Melihat Analitik','','6e20086b-bd5c-4d7f-89a6-b3d95ab3e7a0'),('attendance.view','Melihat Absensi dan Shift','','d19e697a-98e2-469e-9214-a6fa30b4fd3f'),('leave.approve','Menyetujui Cuti','','b8e8b45f-aa33-4db5-b4eb-343fb2fa9b37'),('payroll.view','Melihat Payroll','','9812c3be-57c2-4fb2-b0dc-55de9c83c00b') ON CONFLICT DO NOTHING RETURNING "id"[0m

2026/10/01 07:52:16 [32m [33mSLOW SQL >= 200ms
[0m[31;1m[383.017ms] [33m[rows:0][35m INSERT INTO "role_permissions" ("role_id","permission_id") VALUES ('6204ad4f-b588-49ed-9ae0-874e6e11feee','2950c517-fbc0-42cc-8237-5b2189cc58fe'),('6204ad4f-b588-49ed-9ae0-874e6e11feee','5c79a954-bd36-41cc-ae16-3076ca3e8a05'),('6204ad4f-b588-49ed-9ae0-874e6e11feee','9af8080e-abc3-4581-8c5e-e27a863de468'),('6204ad4f-b588-49ed-9ae0-874e6e11feee','d835d01b-3013-49b9-9d77-15ca14422a22'),('6204ad4f-b588-49ed-9ae0-874e6e11feee','ae9af0a2-4ffe-4cd0-9933-bfa5de0e0380'),('6204ad4f-b588-49ed-9ae0-874e6e11feee','384aafff-152f-4e51-8264-8c746cb8f7fc'),('6204ad4f-b588-49ed-9ae0-874e6e11feee','2c591e91-f4a9-4494-9c11-4820f458f72e'),('6204ad4f-b588-49ed-9ae0-874e6e11feee','8ef68b12-b306-4e05-9af4-abcf8a97e319'),('6204ad4f-b588-49ed-9ae0-874e6e11feee','20fff14f-0a64-4d53-b6b8-8342d85e2c88'),('6204ad4f-b588-49ed-9ae0-874e6e11feee','bee3b15c-a1f5-4c31-8f21-52422fe1d779'),('6204ad4f-b588-49ed-9ae0-874e6e11feee','6e20086b-bd5c-4d7f-89a6-b3d95ab3e7a0'),('6204ad4f-b588-49ed-9ae0-874e6e11feee','d19e697a-98e2-469e-9214-a6fa30b4fd3f'),('6204ad4f-b588-49ed-9ae0-874e6e11feee','b8e8b45f-aa33-4db5-b4eb-343fb2fa9b37'),('6204ad4f-b588-49ed-9ae0-874e6e11feee','9812c3be-57c2-4fb2-b0dc-55de9c83c00b') ON CONFLICT DO NOTHING RETURNING "role_id","permission_id"[0m

2026/10/01 07:52:16 [32mE:/my project/Golang/hr/hr-backend/internal/httpapi/auth.go:249 [33mSLOW SQL >= 200ms
[0m[31;1m[1138.966ms] [33m[rows:0][35m INSERT INTO "roles" ("organization_id","key","name","description","is_system","created_at","updated_at","id") VALUES ('a853448f-0fe7-4fd1-b5bf-af8f6857561c','hr_admin','HR Admin','System role hr_admin',true,'2026-10-01 07:38:33.93','2026-10-01 07:46:49.167','6204ad4f-b588-49ed-9ae0-874e6e11feee') ON CONFLICT DO NOTHING RETURNING "id"[0m

2026/10/01 07:52:16 [32mE:/my project/Golang/hr/hr-backend/internal/httpapi/auth.go:249 [33mSLOW SQL >= 200ms
[0m[31;1m[1657.199ms] [33m[rows:1][35m INSERT INTO "memberships" ("organization_id","user_id","employee_id","role_id","created_at","updated_at","id") VALUES ('a853448f-0fe7-4fd1-b5bf-af8f6857561c','09947f6a-e1c8-4b63-830b-54df35d6151e','99d21239-e245-44f3-ba50-31138747118b','6204ad4f-b588-49ed-9ae0-874e6e11feee','2026-10-01 07:38:42.175','2026-10-01 07:46:57.406','9f6393bb-e49d-426c-bbb3-c205d01b45cc') ON CONFLICT ("id") DO UPDATE SET "user_id"="excluded"."user_id" RETURNING "id"[0m

2026/10/01 07:52:16 [32mE:/my project/Golang/hr/hr-backend/internal/httpapi/auth.go:249 [33mSLOW SQL >= 200ms
[0m[31;1m[1999.041ms] [33m[rows:1][35m UPDATE "users" SET "last_login_at"='2026-10-01 00:52:14.559',"updated_at"='2026-10-01 00:52:14.636' WHERE "id" = '09947f6a-e1c8-4b63-830b-54df35d6151e'[0m
{"time":"2026-10-01T07:52:16.5586166+07:00","level":"INFO","msg":"http request","method":"POST","path":"/v1/auth/login","status":200,"durationMs":8148,"requestId":"7bd547f5-ced6-416b-9e33-1256ff46e1e0"}
{"time":"2026-10-01T07:52:16.6055122+07:00","level":"INFO","msg":"http request","method":"OPTIONS","path":"","status":204,"durationMs":0,"requestId":"8044aedd-ba31-4d4d-a2bd-ff9a47ce72fd"}
{"time":"2026-10-01T07:52:16.9438151+07:00","level":"INFO","msg":"http request","method":"OPTIONS","path":"","status":204,"durationMs":0,"requestId":"d3dc18f8-156e-49e6-8928-0c27db58d9e7"}
{"time":"2026-10-01T07:52:17.0204657+07:00","level":"INFO","msg":"http request","method":"OPTIONS","path":"","status":204,"durationMs":0,"requestId":"e50feb46-b60c-4b01-9a89-8f8d856eddc5"}
{"time":"2026-10-01T07:52:17.0204657+07:00","level":"INFO","msg":"http request","method":"OPTIONS","path":"","status":204,"durationMs":0,"requestId":"827350bb-fdfe-4be6-995a-f0c70d801fdd"}

2026/10/01 07:52:17 [32mE:/my project/Golang/hr/hr-backend/internal/httpapi/context.go:66 [33mSLOW SQL >= 200ms
[0m[31;1m[621.959ms] [33m[rows:0][35m SELECT employee_id FROM memberships WHERE id = '9f6393bb-e49d-426c-bbb3-c205d01b45cc' AND user_id = '09947f6a-e1c8-4b63-830b-54df35d6151e' AND organization_id = 'a853448f-0fe7-4fd1-b5bf-af8f6857561c'[0m
{"time":"2026-10-01T07:52:17.4627809+07:00","level":"INFO","msg":"http request","method":"POST","path":"/v1/realtime/tickets","status":200,"durationMs":841,"requestId":"eee978ba-d352-431b-80b7-b3ce4cf1eb88"}

2026/10/01 07:52:17 [32mE:/my project/Golang/hr/hr-backend/internal/httpapi/context.go:66 [33mSLOW SQL >= 200ms
[0m[31;1m[316.811ms] [33m[rows:0][35m SELECT employee_id FROM memberships WHERE id = '9f6393bb-e49d-426c-bbb3-c205d01b45cc' AND user_id = '09947f6a-e1c8-4b63-830b-54df35d6151e' AND organization_id = 'a853448f-0fe7-4fd1-b5bf-af8f6857561c'[0m

2026/10/01 07:52:17 [32mE:/my project/Golang/hr/hr-backend/internal/httpapi/context.go:66
[0m[33m[85.156ms] [34;1m[rows:0][0m SELECT employee_id FROM memberships WHERE id = '9f6393bb-e49d-426c-bbb3-c205d01b45cc' AND user_id = '09947f6a-e1c8-4b63-830b-54df35d6151e' AND organization_id = 'a853448f-0fe7-4fd1-b5bf-af8f6857561c'

2026/10/01 07:52:18 [32mE:/my project/Golang/hr/hr-backend/internal/httpapi/collaboration.go:35
[0m[33m[137.670ms] [34;1m[rows:1][0m SELECT count(*) FROM "notifications" WHERE organization_id='a853448f-0fe7-4fd1-b5bf-af8f6857561c' AND user_id='09947f6a-e1c8-4b63-830b-54df35d6151e' AND dismissed_at IS NULL

2026/10/01 07:52:18 [32mE:/my project/Golang/hr/hr-backend/internal/httpapi/core.go:857
[0m[33m[137.643ms] [34;1m[rows:1][0m SELECT count(*) FROM "employees" WHERE organization_id = 'a853448f-0fe7-4fd1-b5bf-af8f6857561c' AND status = 'active' AND deleted_at IS NULL

2026/10/01 07:52:18 [32mE:/my project/Golang/hr/hr-backend/internal/httpapi/core.go:858
[0m[33m[133.840ms] [34;1m[rows:1][0m SELECT count(*) FROM "leave_requests" WHERE organization_id = 'a853448f-0fe7-4fd1-b5bf-af8f6857561c' AND status = 'pending'

2026/10/01 07:52:18 [32mE:/my project/Golang/hr/hr-backend/internal/httpapi/collaboration.go:36
[0m[33m[141.411ms] [34;1m[rows:3][0m SELECT * FROM "notifications" WHERE organization_id='a853448f-0fe7-4fd1-b5bf-af8f6857561c' AND user_id='09947f6a-e1c8-4b63-830b-54df35d6151e' AND dismissed_at IS NULL ORDER BY created_at DESC LIMIT 20
{"time":"2026-10-01T07:52:18.2124317+07:00","level":"INFO","msg":"http request","method":"GET","path":"/v1/notifications","status":200,"durationMs":968,"requestId":"e3917440-f9b0-4f79-b939-f1473ff3d7e8"}

2026/10/01 07:52:18 [32mE:/my project/Golang/hr/hr-backend/internal/httpapi/core.go:860
[0m[33m[140.657ms] [34;1m[rows:1][0m SELECT * FROM "payroll_runs" WHERE organization_id = 'a853448f-0fe7-4fd1-b5bf-af8f6857561c' ORDER BY period_end DESC,"payroll_runs"."id" LIMIT 1

2026/10/01 07:52:18 [32mE:/my project/Golang/hr/hr-backend/internal/httpapi/core.go:867
[0m[33m[105.375ms] [34;1m[rows:5][0m SELECT date, COUNT(*) FILTER (WHERE status IN ('present','late')) AS attendance, COALESCE(SUM(overtime_minutes),0) AS overtime FROM attendances WHERE organization_id = 'a853448f-0fe7-4fd1-b5bf-af8f6857561c' AND date >= CURRENT_DATE - INTERVAL '6 days' GROUP BY date ORDER BY date

2026/10/01 07:52:18 [32mE:/my project/Golang/hr/hr-backend/internal/httpapi/auth.go:262
[0m[33m[191.654ms] [34;1m[rows:1][0m SELECT * FROM "refresh_sessions" WHERE token_hash = '09f7616b17dc478de300226a83e5283d4a897c5b3d3bddccf15fe2beb5650b81' AND revoked_at IS NULL AND expires_at > '2026-10-01 00:52:18.281' ORDER BY "refresh_sessions"."id" LIMIT 1

2026/10/01 07:52:18 [32mE:/my project/Golang/hr/hr-backend/internal/httpapi/operations.go:48
[0m[33m[74.454ms] [34;1m[rows:1][0m SELECT "timezone" FROM "organizations" WHERE id = 'a853448f-0fe7-4fd1-b5bf-af8f6857561c'

2026/10/01 07:52:18 [32mE:/my project/Golang/hr/hr-backend/internal/httpapi/core.go:896
[0m[33m[134.094ms] [34;1m[rows:0][0m SELECT "attention_key" FROM "attention_dismissals" WHERE organization_id = 'a853448f-0fe7-4fd1-b5bf-af8f6857561c' AND user_id = '09947f6a-e1c8-4b63-830b-54df35d6151e'

2026/10/01 07:52:18 [32mE:/my project/Golang/hr/hr-backend/internal/httpapi/auth.go:269 [33mSLOW SQL >= 200ms
[0m[31;1m[210.252ms] [33m[rows:1][35m SELECT * FROM "users" WHERE id = '09947f6a-e1c8-4b63-830b-54df35d6151e' ORDER BY "users"."id" LIMIT 1[0m

2026/10/01 07:52:18 [32mE:/my project/Golang/hr/hr-backend/internal/httpapi/core.go:903
[0m[33m[113.593ms] [34;1m[rows:1][0m SELECT count(*) FROM "employees" WHERE organization_id = 'a853448f-0fe7-4fd1-b5bf-af8f6857561c' AND end_date BETWEEN CURRENT_DATE AND CURRENT_DATE + INTERVAL '30 days'

2026/10/01 07:52:18 [32mE:/my project/Golang/hr/hr-backend/internal/httpapi/auth.go:273
[0m[33m[63.505ms] [34;1m[rows:1][0m SELECT * FROM "organizations" WHERE "organizations"."id" = 'a853448f-0fe7-4fd1-b5bf-af8f6857561c'

2026/10/01 07:52:18 [32mE:/my project/Golang/hr/hr-backend/internal/httpapi/core.go:908
[0m[33m[105.694ms] [34;1m[rows:1][0m SELECT count(*) FROM "leave_requests" WHERE organization_id = 'a853448f-0fe7-4fd1-b5bf-af8f6857561c' AND status = 'pending'

2026/10/01 07:52:19 [32mE:/my project/Golang/hr/hr-backend/internal/httpapi/core.go:883
[0m[33m[171.377ms] [34;1m[rows:1][0m SELECT count(*) FROM "employees" WHERE organization_id = 'a853448f-0fe7-4fd1-b5bf-af8f6857561c' AND deleted_at IS NULL AND hire_date >= date_trunc('month', CURRENT_DATE)

2026/10/01 07:52:19 [32mE:/my project/Golang/hr/hr-backend/internal/httpapi/auth.go:273
[0m[33m[104.710ms] [34;1m[rows:14][0m SELECT * FROM "role_permissions" WHERE "role_permissions"."role_id" = '6204ad4f-b588-49ed-9ae0-874e6e11feee'

2026/10/01 07:52:19 [32mE:/my project/Golang/hr/hr-backend/internal/httpapi/auth.go:273
[0m[33m[178.692ms] [34;1m[rows:14][0m SELECT * FROM "permissions" WHERE "permissions"."id" IN ('bee3b15c-a1f5-4c31-8f21-52422fe1d779','6e20086b-bd5c-4d7f-89a6-b3d95ab3e7a0','d19e697a-98e2-469e-9214-a6fa30b4fd3f','b8e8b45f-aa33-4db5-b4eb-343fb2fa9b37','9812c3be-57c2-4fb2-b0dc-55de9c83c00b','2950c517-fbc0-42cc-8237-5b2189cc58fe','5c79a954-bd36-41cc-ae16-3076ca3e8a05','9af8080e-abc3-4581-8c5e-e27a863de468','d835d01b-3013-49b9-9d77-15ca14422a22','ae9af0a2-4ffe-4cd0-9933-bfa5de0e0380','384aafff-152f-4e51-8264-8c746cb8f7fc','2c591e91-f4a9-4494-9c11-4820f458f72e','8ef68b12-b306-4e05-9af4-abcf8a97e319','20fff14f-0a64-4d53-b6b8-8342d85e2c88')

2026/10/01 07:52:19 [32mE:/my project/Golang/hr/hr-backend/internal/httpapi/auth.go:273 [33mSLOW SQL >= 200ms
[0m[31;1m[731.599ms] [33m[rows:1][35m SELECT * FROM "roles" WHERE "roles"."id" = '6204ad4f-b588-49ed-9ae0-874e6e11feee'[0m

2026/10/01 07:52:19 [32mE:/my project/Golang/hr/hr-backend/internal/httpapi/core.go:884 [33mSLOW SQL >= 200ms
[0m[31;1m[316.219ms] [33m[rows:1][35m SELECT count(*) FROM "departments" WHERE organization_id = 'a853448f-0fe7-4fd1-b5bf-af8f6857561c'[0m

2026/10/01 07:52:19 [32mE:/my project/Golang/hr/hr-backend/internal/httpapi/auth.go:273 [33mSLOW SQL >= 200ms
[0m[31;1m[982.849ms] [33m[rows:1][35m SELECT * FROM "memberships" WHERE id = '9f6393bb-e49d-426c-bbb3-c205d01b45cc' ORDER BY "memberships"."id" LIMIT 1[0m

2026/10/01 07:52:19 [32mE:/my project/Golang/hr/hr-backend/internal/httpapi/auth.go:40
[0m[33m[61.309ms] [34;1m[rows:1][0m SELECT * FROM "organizations" WHERE "organizations"."id" = 'a853448f-0fe7-4fd1-b5bf-af8f6857561c'

2026/10/01 07:52:19 [32mE:/my project/Golang/hr/hr-backend/internal/httpapi/core.go:885
[0m[33m[167.633ms] [34;1m[rows:1][0m SELECT count(*) FROM "employees" WHERE organization_id = 'a853448f-0fe7-4fd1-b5bf-af8f6857561c' AND status = 'on_leave' AND deleted_at IS NULL
{"time":"2026-10-01T07:52:20.0436463+07:00","level":"INFO","msg":"http request","method":"GET","path":"/v1/dashboard/summary","status":200,"durationMs":2800,"requestId":"19a4ca48-be19-447d-8af6-08c0629a5628"}

2026/10/01 07:52:19 [32m
[0m[33m[60.838ms] [34;1m[rows:14][0m SELECT * FROM "role_permissions" WHERE "role_permissions"."role_id" = '6204ad4f-b588-49ed-9ae0-874e6e11feee'

2026/10/01 07:52:19 [32mE:/my project/Golang/hr/hr-backend/internal/httpapi/auth.go:278 [33mSLOW SQL >= 200ms
[0m[31;1m[303.974ms] [33m[rows:1][35m UPDATE "refresh_sessions" SET "revoked_at"='2026-10-01 00:52:19.676' WHERE "id" = 'a7b69891-f4d1-4faf-befb-701bb7e410fa'[0m

2026/10/01 07:52:20 [32m
[0m[33m[64.354ms] [34;1m[rows:14][0m SELECT * FROM "permissions" WHERE "permissions"."id" IN ('bee3b15c-a1f5-4c31-8f21-52422fe1d779','6e20086b-bd5c-4d7f-89a6-b3d95ab3e7a0','d19e697a-98e2-469e-9214-a6fa30b4fd3f','b8e8b45f-aa33-4db5-b4eb-343fb2fa9b37','9812c3be-57c2-4fb2-b0dc-55de9c83c00b','2950c517-fbc0-42cc-8237-5b2189cc58fe','5c79a954-bd36-41cc-ae16-3076ca3e8a05','9af8080e-abc3-4581-8c5e-e27a863de468','d835d01b-3013-49b9-9d77-15ca14422a22','ae9af0a2-4ffe-4cd0-9933-bfa5de0e0380','384aafff-152f-4e51-8264-8c746cb8f7fc','2c591e91-f4a9-4494-9c11-4820f458f72e','8ef68b12-b306-4e05-9af4-abcf8a97e319','20fff14f-0a64-4d53-b6b8-8342d85e2c88')

2026/10/01 07:52:20 [32mE:/my project/Golang/hr/hr-backend/internal/httpapi/auth.go:40 [33mSLOW SQL >= 200ms
[0m[31;1m[483.062ms] [33m[rows:1][35m SELECT * FROM "roles" WHERE "roles"."id" = '6204ad4f-b588-49ed-9ae0-874e6e11feee'[0m

2026/10/01 07:52:20 [32mE:/my project/Golang/hr/hr-backend/internal/httpapi/auth.go:40 [33mSLOW SQL >= 200ms
[0m[31;1m[606.851ms] [33m[rows:1][35m SELECT * FROM "memberships" WHERE "memberships"."user_id" = '09947f6a-e1c8-4b63-830b-54df35d6151e'[0m

2026/10/01 07:52:20 [32mE:/my project/Golang/hr/hr-backend/internal/httpapi/auth.go:40 [33mSLOW SQL >= 200ms
[0m[31;1m[1038.256ms] [33m[rows:1][35m SELECT * FROM "users" WHERE lower(email) = 'sarah@simpul.co.id' ORDER BY "users"."id" LIMIT 1[0m

2026/10/01 07:52:20 [32mE:/my project/Golang/hr/hr-backend/internal/httpapi/auth.go:245 [33mSLOW SQL >= 200ms
[0m[31;1m[237.080ms] [33m[rows:1][35m INSERT INTO "refresh_sessions" ("user_id","membership_id","organization_id","token_hash","expires_at","revoked_at","user_agent","ip_address","created_at") VALUES ('09947f6a-e1c8-4b63-830b-54df35d6151e','9f6393bb-e49d-426c-bbb3-c205d01b45cc','a853448f-0fe7-4fd1-b5bf-af8f6857561c','3bb2a6c53e8535d14a2ea8ee3678a4fd6e6c7b4ab83e3574d2d94b7ffe840339','2026-10-31 00:52:20.192',NULL,'Mozilla/5.0 (Windows NT 10.0; Win64; x64) AppleWebKit/537.36 (KHTML, like Gecko) Chrome/153.0.8010.12 Safari/537.36','::1','2026-10-01 00:52:20.299') RETURNING "id"[0m

2026/10/01 07:52:20 [32mE:/my project/Golang/hr/hr-backend/internal/httpapi/auth.go:245
[0m[33m[173.028ms] [34;1m[rows:1][0m INSERT INTO "refresh_sessions" ("user_id","membership_id","organization_id","token_hash","expires_at","revoked_at","user_agent","ip_address","created_at") VALUES ('09947f6a-e1c8-4b63-830b-54df35d6151e','9f6393bb-e49d-426c-bbb3-c205d01b45cc','a853448f-0fe7-4fd1-b5bf-af8f6857561c','c860ba53b980841e1d9992fe7e1bf609dd234390b5f1d8bf9efea16a9d863bf6','2026-10-31 00:52:20.39',NULL,'Mozilla/5.0 (Windows NT 10.0; Win64; x64) AppleWebKit/537.36 (KHTML, like Gecko) Chrome/153.0.8010.12 Safari/537.36','::1','2026-10-01 00:52:20.429') RETURNING "id"

2026/10/01 07:52:20 [32mE:/my project/Golang/hr/hr-backend/internal/httpapi/auth.go:249
[0m[33m[196.951ms] [34;1m[rows:1][0m UPDATE "users" SET "last_login_at"='2026-10-01 00:52:20.44',"updated_at"='2026-10-01 00:52:20.519' WHERE "id" = '09947f6a-e1c8-4b63-830b-54df35d6151e'
{"time":"2026-10-01T07:52:20.6499322+07:00","level":"INFO","msg":"http request","method":"POST","path":"/v1/auth/refresh","status":200,"durationMs":2368,"requestId":"f77e892a-e824-4b86-b2bc-8409f891aa70"}

2026/10/01 07:52:20 [32mE:/my project/Golang/hr/hr-backend/internal/httpapi/auth.go:249
[0m[33m[126.212ms] [34;1m[rows:0][0m INSERT INTO "organizations" ("slug","name","industry","address","phone","email","timezone","locale","currency","created_at","updated_at","id") VALUES ('simpul-demo','PT Simpul Teknologi Indonesia','Teknologi Informasi & SaaS','Sopo Del Tower Lt. 18, Mega Kuningan, Jakarta Selatan','+62 21-5088-0123','ops@simpul.co.id','Asia/Jakarta','id-ID','IDR','2026-10-01 07:38:31.513','2026-10-01 07:46:46.184','a853448f-0fe7-4fd1-b5bf-af8f6857561c') ON CONFLICT DO NOTHING RETURNING "id"

2026/10/01 07:52:20 [32mE:/my project/Golang/hr/hr-backend/internal/httpapi/context.go:66
[0m[33m[126.212ms] [34;1m[rows:0][0m SELECT employee_id FROM memberships WHERE id = '9f6393bb-e49d-426c-bbb3-c205d01b45cc' AND user_id = '09947f6a-e1c8-4b63-830b-54df35d6151e' AND organization_id = 'a853448f-0fe7-4fd1-b5bf-af8f6857561c'

2026/10/01 07:52:20 [32mE:/my project/Golang/hr/hr-backend/internal/httpapi/context.go:66
[0m[33m[177.292ms] [34;1m[rows:0][0m SELECT employee_id FROM memberships WHERE id = '9f6393bb-e49d-426c-bbb3-c205d01b45cc' AND user_id = '09947f6a-e1c8-4b63-830b-54df35d6151e' AND organization_id = 'a853448f-0fe7-4fd1-b5bf-af8f6857561c'

2026/10/01 07:52:20 [32mE:/my project/Golang/hr/hr-backend/internal/httpapi/context.go:66
[0m[33m[177.292ms] [34;1m[rows:0][0m SELECT employee_id FROM memberships WHERE id = '9f6393bb-e49d-426c-bbb3-c205d01b45cc' AND user_id = '09947f6a-e1c8-4b63-830b-54df35d6151e' AND organization_id = 'a853448f-0fe7-4fd1-b5bf-af8f6857561c'

2026/10/01 07:52:20 [32mE:/my project/Golang/hr/hr-backend/internal/httpapi/context.go:66 [33mSLOW SQL >= 200ms
[0m[31;1m[203.648ms] [33m[rows:0][35m SELECT employee_id FROM memberships WHERE id = '9f6393bb-e49d-426c-bbb3-c205d01b45cc' AND user_id = '09947f6a-e1c8-4b63-830b-54df35d6151e' AND organization_id = 'a853448f-0fe7-4fd1-b5bf-af8f6857561c'[0m

2026/10/01 07:52:21 [32m
[0m[33m[115.041ms] [34;1m[rows:0][0m INSERT INTO "permissions" ("key","label","description","id") VALUES ('performance.manage','Mengelola Performa','','2950c517-fbc0-42cc-8237-5b2189cc58fe'),('settings.manage','Mengelola Pengaturan','','5c79a954-bd36-41cc-ae16-3076ca3e8a05'),('support.manage','Mengelola Tiket Bantuan','','9af8080e-abc3-4581-8c5e-e27a863de468'),('employees.view','Melihat Direktori Karyawan','','d835d01b-3013-49b9-9d77-15ca14422a22'),('employees.manage','Mengelola Data Karyawan','','ae9af0a2-4ffe-4cd0-9933-bfa5de0e0380'),('attendance.manage','Mengelola Absensi dan Shift','','384aafff-152f-4e51-8264-8c746cb8f7fc'),('payroll.run','Menjalankan Payroll','','2c591e91-f4a9-4494-9c11-4820f458f72e'),('recruitment.view','Melihat Rekrutmen','','8ef68b12-b306-4e05-9af4-abcf8a97e319'),('recruitment.manage','Mengelola Rekrutmen','','20fff14f-0a64-4d53-b6b8-8342d85e2c88'),('performance.view','Melihat Performa','','bee3b15c-a1f5-4c31-8f21-52422fe1d779'),('analytics.view','Melihat Analitik','','6e20086b-bd5c-4d7f-89a6-b3d95ab3e7a0'),('attendance.view','Melihat Absensi dan Shift','','d19e697a-98e2-469e-9214-a6fa30b4fd3f'),('leave.approve','Menyetujui Cuti','','b8e8b45f-aa33-4db5-b4eb-343fb2fa9b37'),('payroll.view','Melihat Payroll','','9812c3be-57c2-4fb2-b0dc-55de9c83c00b') ON CONFLICT DO NOTHING RETURNING "id"

2026/10/01 07:52:21 [32mE:/my project/Golang/hr/hr-backend/internal/httpapi/collaboration.go:35
[0m[33m[85.347ms] [34;1m[rows:1][0m SELECT count(*) FROM "notifications" WHERE organization_id='a853448f-0fe7-4fd1-b5bf-af8f6857561c' AND user_id='09947f6a-e1c8-4b63-830b-54df35d6151e' AND dismissed_at IS NULL

2026/10/01 07:52:21 [32mE:/my project/Golang/hr/hr-backend/internal/httpapi/collaboration.go:35
[0m[33m[100.805ms] [34;1m[rows:1][0m SELECT count(*) FROM "notifications" WHERE organization_id='a853448f-0fe7-4fd1-b5bf-af8f6857561c' AND user_id='09947f6a-e1c8-4b63-830b-54df35d6151e' AND dismissed_at IS NULL

2026/10/01 07:52:21 [32m
[0m[33m[71.289ms] [34;1m[rows:0][0m INSERT INTO "role_permissions" ("role_id","permission_id") VALUES ('6204ad4f-b588-49ed-9ae0-874e6e11feee','2950c517-fbc0-42cc-8237-5b2189cc58fe'),('6204ad4f-b588-49ed-9ae0-874e6e11feee','5c79a954-bd36-41cc-ae16-3076ca3e8a05'),('6204ad4f-b588-49ed-9ae0-874e6e11feee','9af8080e-abc3-4581-8c5e-e27a863de468'),('6204ad4f-b588-49ed-9ae0-874e6e11feee','d835d01b-3013-49b9-9d77-15ca14422a22'),('6204ad4f-b588-49ed-9ae0-874e6e11feee','ae9af0a2-4ffe-4cd0-9933-bfa5de0e0380'),('6204ad4f-b588-49ed-9ae0-874e6e11feee','384aafff-152f-4e51-8264-8c746cb8f7fc'),('6204ad4f-b588-49ed-9ae0-874e6e11feee','2c591e91-f4a9-4494-9c11-4820f458f72e'),('6204ad4f-b588-49ed-9ae0-874e6e11feee','8ef68b12-b306-4e05-9af4-abcf8a97e319'),('6204ad4f-b588-49ed-9ae0-874e6e11feee','20fff14f-0a64-4d53-b6b8-8342d85e2c88'),('6204ad4f-b588-49ed-9ae0-874e6e11feee','bee3b15c-a1f5-4c31-8f21-52422fe1d779'),('6204ad4f-b588-49ed-9ae0-874e6e11feee','6e20086b-bd5c-4d7f-89a6-b3d95ab3e7a0'),('6204ad4f-b588-49ed-9ae0-874e6e11feee','d19e697a-98e2-469e-9214-a6fa30b4fd3f'),('6204ad4f-b588-49ed-9ae0-874e6e11feee','b8e8b45f-aa33-4db5-b4eb-343fb2fa9b37'),('6204ad4f-b588-49ed-9ae0-874e6e11feee','9812c3be-57c2-4fb2-b0dc-55de9c83c00b') ON CONFLICT DO NOTHING RETURNING "role_id","permission_id"

2026/10/01 07:52:21 [32mE:/my project/Golang/hr/hr-backend/internal/httpapi/auth.go:249 [33mSLOW SQL >= 200ms
[0m[31;1m[577.164ms] [33m[rows:0][35m INSERT INTO "roles" ("organization_id","key","name","description","is_system","created_at","updated_at","id") VALUES ('a853448f-0fe7-4fd1-b5bf-af8f6857561c','hr_admin','HR Admin','System role hr_admin',true,'2026-10-01 07:38:33.93','2026-10-01 07:46:49.167','6204ad4f-b588-49ed-9ae0-874e6e11feee') ON CONFLICT DO NOTHING RETURNING "id"[0m

2026/10/01 07:52:21 [32mE:/my project/Golang/hr/hr-backend/internal/httpapi/collaboration.go:36
[0m[33m[156.530ms] [34;1m[rows:3][0m SELECT * FROM "notifications" WHERE organization_id='a853448f-0fe7-4fd1-b5bf-af8f6857561c' AND user_id='09947f6a-e1c8-4b63-830b-54df35d6151e' AND dismissed_at IS NULL ORDER BY created_at DESC LIMIT 20

2026/10/01 07:52:21 [32mE:/my project/Golang/hr/hr-backend/internal/httpapi/collaboration.go:36
[0m[33m[148.094ms] [34;1m[rows:3][0m SELECT * FROM "notifications" WHERE organization_id='a853448f-0fe7-4fd1-b5bf-af8f6857561c' AND user_id='09947f6a-e1c8-4b63-830b-54df35d6151e' AND dismissed_at IS NULL ORDER BY created_at DESC LIMIT 20
{"time":"2026-10-01T07:52:21.4249669+07:00","level":"INFO","msg":"http request","method":"OPTIONS","path":"","status":204,"durationMs":0,"requestId":"1b59c715-58ba-4cdd-9572-2c6b1ddb4e34"}
{"time":"2026-10-01T07:52:21.4254768+07:00","level":"INFO","msg":"http request","method":"OPTIONS","path":"","status":204,"durationMs":0,"requestId":"34f3c34f-91b0-44ea-b2ee-62dc02e8640d"}
{"time":"2026-10-01T07:52:21.4269968+07:00","level":"INFO","msg":"http request","method":"GET","path":"/v1/notifications","status":200,"durationMs":702,"requestId":"bdc5ec96-ec3d-4353-bfed-1179504eff5c"}
{"time":"2026-10-01T07:52:21.4283225+07:00","level":"INFO","msg":"http request","method":"GET","path":"/v1/notifications","status":200,"durationMs":703,"requestId":"8f8dda20-caf0-4ee7-b99b-2d42bf168bf4"}

2026/10/01 07:52:21 [32mE:/my project/Golang/hr/hr-backend/internal/httpapi/auth.go:249 [33mSLOW SQL >= 200ms
[0m[31;1m[801.427ms] [33m[rows:1][35m INSERT INTO "memberships" ("organization_id","user_id","employee_id","role_id","created_at","updated_at","id") VALUES ('a853448f-0fe7-4fd1-b5bf-af8f6857561c','09947f6a-e1c8-4b63-830b-54df35d6151e','99d21239-e245-44f3-ba50-31138747118b','6204ad4f-b588-49ed-9ae0-874e6e11feee','2026-10-01 07:38:42.175','2026-10-01 07:46:57.406','9f6393bb-e49d-426c-bbb3-c205d01b45cc') ON CONFLICT ("id") DO UPDATE SET "user_id"="excluded"."user_id" RETURNING "id"[0m

2026/10/01 07:52:21 [32mE:/my project/Golang/hr/hr-backend/internal/httpapi/context.go:66
[0m[33m[109.733ms] [34;1m[rows:0][0m SELECT employee_id FROM memberships WHERE id = '9f6393bb-e49d-426c-bbb3-c205d01b45cc' AND user_id = '09947f6a-e1c8-4b63-830b-54df35d6151e' AND organization_id = 'a853448f-0fe7-4fd1-b5bf-af8f6857561c'

2026/10/01 07:52:21 [32mE:/my project/Golang/hr/hr-backend/internal/httpapi/auth.go:249 [33mSLOW SQL >= 200ms
[0m[31;1m[1011.485ms] [33m[rows:1][35m UPDATE "users" SET "last_login_at"='2026-10-01 00:52:20.563',"updated_at"='2026-10-01 00:52:20.637' WHERE "id" = '09947f6a-e1c8-4b63-830b-54df35d6151e'[0m
{"time":"2026-10-01T07:52:21.6021902+07:00","level":"INFO","msg":"http request","method":"POST","path":"/v1/auth/login","status":200,"durationMs":5795,"requestId":"77c22992-cd21-41a3-b4d7-c363eea059a0"}
{"time":"2026-10-01T07:52:21.6494793+07:00","level":"INFO","msg":"http request","method":"OPTIONS","path":"","status":204,"durationMs":0,"requestId":"aec021d7-0152-4141-b3ed-e575b6142309"}
{"time":"2026-10-01T07:52:21.7307759+07:00","level":"INFO","msg":"http request","method":"OPTIONS","path":"","status":204,"durationMs":0,"requestId":"210f3558-193a-4d1e-bc7d-18d0e3b72a4b"}
{"time":"2026-10-01T07:52:21.740889+07:00","level":"INFO","msg":"http request","method":"OPTIONS","path":"","status":204,"durationMs":0,"requestId":"0ce7af1d-d64d-4ceb-b6f1-c2fdf27a2e8f"}
{"time":"2026-10-01T07:52:21.740889+07:00","level":"INFO","msg":"http request","method":"OPTIONS","path":"","status":204,"durationMs":0,"requestId":"1eb68204-e3a7-4028-9c32-bc5d268293ef"}
{"time":"2026-10-01T07:52:21.8821645+07:00","level":"INFO","msg":"http request","method":"POST","path":"/v1/realtime/tickets","status":200,"durationMs":1169,"requestId":"2cf3d8d9-8849-440c-927e-6d028b0f8d4c"}

2026/10/01 07:52:21 [32mE:/my project/Golang/hr/hr-backend/internal/httpapi/context.go:66
[0m[33m[167.627ms] [34;1m[rows:0][0m SELECT employee_id FROM memberships WHERE id = '9f6393bb-e49d-426c-bbb3-c205d01b45cc' AND user_id = '09947f6a-e1c8-4b63-830b-54df35d6151e' AND organization_id = 'a853448f-0fe7-4fd1-b5bf-af8f6857561c'

2026/10/01 07:52:22 [32mE:/my project/Golang/hr/hr-backend/internal/httpapi/context.go:66 [33mSLOW SQL >= 200ms
[0m[31;1m[300.122ms] [33m[rows:0][35m SELECT employee_id FROM memberships WHERE id = '9f6393bb-e49d-426c-bbb3-c205d01b45cc' AND user_id = '09947f6a-e1c8-4b63-830b-54df35d6151e' AND organization_id = 'a853448f-0fe7-4fd1-b5bf-af8f6857561c'[0m

2026/10/01 07:52:22 [32mE:/my project/Golang/hr/hr-backend/internal/httpapi/context.go:66 [33mSLOW SQL >= 200ms
[0m[31;1m[385.914ms] [33m[rows:0][35m SELECT employee_id FROM memberships WHERE id = '9f6393bb-e49d-426c-bbb3-c205d01b45cc' AND user_id = '09947f6a-e1c8-4b63-830b-54df35d6151e' AND organization_id = 'a853448f-0fe7-4fd1-b5bf-af8f6857561c'[0m
{"time":"2026-10-01T07:52:22.0730224+07:00","level":"INFO","msg":"http request","method":"POST","path":"/v1/realtime/tickets","status":200,"durationMs":407,"requestId":"2c3e8a28-1f75-4778-8783-c38701946cf0"}

2026/10/01 07:52:22 [32mE:/my project/Golang/hr/hr-backend/internal/httpapi/core.go:857
[0m[33m[180.133ms] [34;1m[rows:1][0m SELECT count(*) FROM "employees" WHERE organization_id = 'a853448f-0fe7-4fd1-b5bf-af8f6857561c' AND status = 'active' AND deleted_at IS NULL

2026/10/01 07:52:22 [32mE:/my project/Golang/hr/hr-backend/internal/httpapi/collaboration.go:35
[0m[33m[81.468ms] [34;1m[rows:1][0m SELECT count(*) FROM "notifications" WHERE organization_id='a853448f-0fe7-4fd1-b5bf-af8f6857561c' AND user_id='09947f6a-e1c8-4b63-830b-54df35d6151e' AND dismissed_at IS NULL

2026/10/01 07:52:22 [32mE:/my project/Golang/hr/hr-backend/internal/httpapi/core.go:858
[0m[33m[65.842ms] [34;1m[rows:1][0m SELECT count(*) FROM "leave_requests" WHERE organization_id = 'a853448f-0fe7-4fd1-b5bf-af8f6857561c' AND status = 'pending'

2026/10/01 07:52:22 [32mE:/my project/Golang/hr/hr-backend/internal/httpapi/collaboration.go:36
[0m[33m[70.305ms] [34;1m[rows:3][0m SELECT * FROM "notifications" WHERE organization_id='a853448f-0fe7-4fd1-b5bf-af8f6857561c' AND user_id='09947f6a-e1c8-4b63-830b-54df35d6151e' AND dismissed_at IS NULL ORDER BY created_at DESC LIMIT 20
{"time":"2026-10-01T07:52:22.2247947+07:00","level":"INFO","msg":"http request","method":"GET","path":"/v1/notifications","status":200,"durationMs":483,"requestId":"8666c569-3770-4070-8f9f-50b9d7dde672"}

2026/10/01 07:52:22 [32mE:/my project/Golang/hr/hr-backend/internal/httpapi/core.go:857
[0m[33m[153.772ms] [34;1m[rows:1][0m SELECT count(*) FROM "employees" WHERE organization_id = 'a853448f-0fe7-4fd1-b5bf-af8f6857561c' AND status = 'active' AND deleted_at IS NULL

2026/10/01 07:52:22 [32mE:/my project/Golang/hr/hr-backend/internal/httpapi/core.go:860
[0m[33m[198.779ms] [34;1m[rows:1][0m SELECT * FROM "payroll_runs" WHERE organization_id = 'a853448f-0fe7-4fd1-b5bf-af8f6857561c' ORDER BY period_end DESC,"payroll_runs"."id" LIMIT 1

2026/10/01 07:52:22 [32mE:/my project/Golang/hr/hr-backend/internal/httpapi/core.go:858
[0m[33m[127.500ms] [34;1m[rows:1][0m SELECT count(*) FROM "leave_requests" WHERE organization_id = 'a853448f-0fe7-4fd1-b5bf-af8f6857561c' AND status = 'pending'

2026/10/01 07:52:22 [32mE:/my project/Golang/hr/hr-backend/internal/httpapi/collaboration.go:74
[0m[33m[190.741ms] [34;1m[rows:4][0m SELECT * FROM "users" WHERE "users"."id" IN ('09947f6a-e1c8-4b63-830b-54df35d6151e','5fc1b8f9-22eb-4d10-8258-d6a0bca36943','f1f76b28-dedb-4a18-a0f5-fe1e0bb6c053','6f1227a6-9e1a-4f30-994e-db92168aaaf5')

2026/10/01 07:52:22 [32mE:/my project/Golang/hr/hr-backend/internal/httpapi/collaboration.go:74 [33mSLOW SQL >= 200ms
[0m[31;1m[464.995ms] [33m[rows:6][35m SELECT * FROM "conversation_members" WHERE "conversation_members"."conversation_id" IN ('5b4201d0-144f-4a99-a460-0557e2df04d8','e129a7fe-efec-489d-a758-f8848f2f2acf','5994fa16-8090-4cfa-98d3-16110300d684')[0m

2026/10/01 07:52:22 [32mE:/my project/Golang/hr/hr-backend/internal/httpapi/collaboration.go:74 [33mSLOW SQL >= 200ms
[0m[31;1m[771.856ms] [33m[rows:3][35m SELECT "conversations"."id","conversations"."organization_id","conversations"."title","conversations"."created_at","conversations"."updated_at" FROM "conversations" JOIN conversation_members own ON own.conversation_id=conversations.id AND own.user_id='09947f6a-e1c8-4b63-830b-54df35d6151e' WHERE conversations.organization_id='a853448f-0fe7-4fd1-b5bf-af8f6857561c' ORDER BY conversations.updated_at DESC[0m

2026/10/01 07:52:22 [32mE:/my project/Golang/hr/hr-backend/internal/httpapi/core.go:860
[0m[33m[95.067ms] [34;1m[rows:1][0m SELECT * FROM "payroll_runs" WHERE organization_id = 'a853448f-0fe7-4fd1-b5bf-af8f6857561c' ORDER BY period_end DESC,"payroll_runs"."id" LIMIT 1

2026/10/01 07:52:22 [32mE:/my project/Golang/hr/hr-backend/internal/httpapi/collaboration.go:84 [33mSLOW SQL >= 200ms
[0m[31;1m[209.857ms] [33m[rows:1][35m SELECT * FROM "memberships" WHERE organization_id='a853448f-0fe7-4fd1-b5bf-af8f6857561c' AND user_id='09947f6a-e1c8-4b63-830b-54df35d6151e' ORDER BY "memberships"."id" LIMIT 1[0m

2026/10/01 07:52:22 [32mE:/my project/Golang/hr/hr-backend/internal/httpapi/auth.go:262 [33mSLOW SQL >= 200ms
[0m[31;1m[430.762ms] [33m[rows:1][35m SELECT * FROM "refresh_sessions" WHERE token_hash = 'c860ba53b980841e1d9992fe7e1bf609dd234390b5f1d8bf9efea16a9d863bf6' AND revoked_at IS NULL AND expires_at > '2026-10-01 00:52:22.247' ORDER BY "refresh_sessions"."id" LIMIT 1[0m

2026/10/01 07:52:22 [32mE:/my project/Golang/hr/hr-backend/internal/httpapi/core.go:867 [33mSLOW SQL >= 200ms
[0m[31;1m[324.285ms] [33m[rows:5][35m SELECT date, COUNT(*) FILTER (WHERE status IN ('present','late')) AS attendance, COALESCE(SUM(overtime_minutes),0) AS overtime FROM attendances WHERE organization_id = 'a853448f-0fe7-4fd1-b5bf-af8f6857561c' AND date >= CURRENT_DATE - INTERVAL '6 days' GROUP BY date ORDER BY date[0m

2026/10/01 07:52:22 [32mE:/my project/Golang/hr/hr-backend/internal/httpapi/core.go:867 [33mSLOW SQL >= 200ms
[0m[31;1m[208.466ms] [33m[rows:5][35m SELECT date, COUNT(*) FILTER (WHERE status IN ('present','late')) AS attendance, COALESCE(SUM(overtime_minutes),0) AS overtime FROM attendances WHERE organization_id = 'a853448f-0fe7-4fd1-b5bf-af8f6857561c' AND date >= CURRENT_DATE - INTERVAL '6 days' GROUP BY date ORDER BY date[0m

2026/10/01 07:52:22 [32mE:/my project/Golang/hr/hr-backend/internal/httpapi/auth.go:269
[0m[33m[57.302ms] [34;1m[rows:1][0m SELECT * FROM "users" WHERE id = '09947f6a-e1c8-4b63-830b-54df35d6151e' ORDER BY "users"."id" LIMIT 1

2026/10/01 07:52:22 [32mE:/my project/Golang/hr/hr-backend/internal/httpapi/operations.go:48
[0m[33m[59.497ms] [34;1m[rows:1][0m SELECT "timezone" FROM "organizations" WHERE id = 'a853448f-0fe7-4fd1-b5bf-af8f6857561c'

2026/10/01 07:52:23 [32mE:/my project/Golang/hr/hr-backend/internal/httpapi/context.go:66 [33mSLOW SQL >= 200ms
[0m[31;1m[990.279ms] [33m[rows:0][35m SELECT employee_id FROM memberships WHERE id = '9f6393bb-e49d-426c-bbb3-c205d01b45cc' AND user_id = '09947f6a-e1c8-4b63-830b-54df35d6151e' AND organization_id = 'a853448f-0fe7-4fd1-b5bf-af8f6857561c'[0m

2026/10/01 07:52:23 [32mE:/my project/Golang/hr/hr-backend/internal/httpapi/auth.go:273
[0m[33m[49.278ms] [34;1m[rows:1][0m SELECT * FROM "organizations" WHERE "organizations"."id" = 'a853448f-0fe7-4fd1-b5bf-af8f6857561c'

2026/10/01 07:52:23 [32mE:/my project/Golang/hr/hr-backend/internal/httpapi/core.go:896 [33mSLOW SQL >= 200ms
[0m[31;1m[203.818ms] [33m[rows:0][35m SELECT "attention_key" FROM "attention_dismissals" WHERE organization_id = 'a853448f-0fe7-4fd1-b5bf-af8f6857561c' AND user_id = '09947f6a-e1c8-4b63-830b-54df35d6151e'[0m

2026/10/01 07:52:23 [32mE:/my project/Golang/hr/hr-backend/internal/httpapi/operations.go:48 [33mSLOW SQL >= 200ms
[0m[31;1m[269.843ms] [33m[rows:1][35m SELECT "timezone" FROM "organizations" WHERE id = 'a853448f-0fe7-4fd1-b5bf-af8f6857561c'[0m

2026/10/01 07:52:23 [32mE:/my project/Golang/hr/hr-backend/internal/httpapi/collaboration.go:86 [33mSLOW SQL >= 200ms
[0m[31;1m[206.022ms] [33m[rows:1][35m SELECT * FROM "positions" WHERE "positions"."id" = 'f4cce7ba-2b29-4730-963f-73177b188f1d'[0m

2026/10/01 07:52:23 [32mE:/my project/Golang/hr/hr-backend/internal/httpapi/collaboration.go:86 [33mSLOW SQL >= 200ms
[0m[31;1m[527.530ms] [33m[rows:1][35m SELECT * FROM "employees" WHERE id='99d21239-e245-44f3-ba50-31138747118b' ORDER BY "employees"."id" LIMIT 1[0m

2026/10/01 07:52:23 [32mE:/my project/Golang/hr/hr-backend/internal/httpapi/core.go:896
[0m[33m[141.326ms] [34;1m[rows:0][0m SELECT "attention_key" FROM "attention_dismissals" WHERE organization_id = 'a853448f-0fe7-4fd1-b5bf-af8f6857561c' AND user_id = '09947f6a-e1c8-4b63-830b-54df35d6151e'

2026/10/01 07:52:23 [32mE:/my project/Golang/hr/hr-backend/internal/httpapi/auth.go:273
[0m[33m[94.616ms] [34;1m[rows:14][0m SELECT * FROM "role_permissions" WHERE "role_permissions"."role_id" = '6204ad4f-b588-49ed-9ae0-874e6e11feee'

2026/10/01 07:52:23 [32mE:/my project/Golang/hr/hr-backend/internal/httpapi/core.go:903 [33mSLOW SQL >= 200ms
[0m[31;1m[222.739ms] [33m[rows:1][35m SELECT count(*) FROM "employees" WHERE organization_id = 'a853448f-0fe7-4fd1-b5bf-af8f6857561c' AND end_date BETWEEN CURRENT_DATE AND CURRENT_DATE + INTERVAL '30 days'[0m

2026/10/01 07:52:23 [32mE:/my project/Golang/hr/hr-backend/internal/httpapi/collaboration.go:35 [33mSLOW SQL >= 200ms
[0m[31;1m[289.050ms] [33m[rows:1][35m SELECT count(*) FROM "notifications" WHERE organization_id='a853448f-0fe7-4fd1-b5bf-af8f6857561c' AND user_id='09947f6a-e1c8-4b63-830b-54df35d6151e' AND dismissed_at IS NULL[0m

2026/10/01 07:52:23 [32mE:/my project/Golang/hr/hr-backend/internal/httpapi/core.go:903
[0m[33m[88.090ms] [34;1m[rows:1][0m SELECT count(*) FROM "employees" WHERE organization_id = 'a853448f-0fe7-4fd1-b5bf-af8f6857561c' AND end_date BETWEEN CURRENT_DATE AND CURRENT_DATE + INTERVAL '30 days'

2026/10/01 07:52:23 [32mE:/my project/Golang/hr/hr-backend/internal/httpapi/core.go:908
[0m[33m[96.632ms] [34;1m[rows:1][0m SELECT count(*) FROM "leave_requests" WHERE organization_id = 'a853448f-0fe7-4fd1-b5bf-af8f6857561c' AND status = 'pending'

2026/10/01 07:52:23 [32mE:/my project/Golang/hr/hr-backend/internal/httpapi/collaboration.go:36
[0m[33m[111.193ms] [34;1m[rows:3][0m SELECT * FROM "notifications" WHERE organization_id='a853448f-0fe7-4fd1-b5bf-af8f6857561c' AND user_id='09947f6a-e1c8-4b63-830b-54df35d6151e' AND dismissed_at IS NULL ORDER BY created_at DESC LIMIT 20
{"time":"2026-10-01T07:52:23.4960232+07:00","level":"INFO","msg":"http request","method":"GET","path":"/v1/notifications","status":200,"durationMs":1445,"requestId":"17c36a58-0e74-4191-a98a-aa00e1653f33"}

2026/10/01 07:52:23 [32mE:/my project/Golang/hr/hr-backend/internal/httpapi/collaboration.go:84
[0m[33m[172.760ms] [34;1m[rows:1][0m SELECT * FROM "memberships" WHERE organization_id='a853448f-0fe7-4fd1-b5bf-af8f6857561c' AND user_id='6f1227a6-9e1a-4f30-994e-db92168aaaf5' ORDER BY "memberships"."id" LIMIT 1

2026/10/01 07:52:23 [32mE:/my project/Golang/hr/hr-backend/internal/httpapi/core.go:908
[0m[33m[82.883ms] [34;1m[rows:1][0m SELECT count(*) FROM "leave_requests" WHERE organization_id = 'a853448f-0fe7-4fd1-b5bf-af8f6857561c' AND status = 'pending'

2026/10/01 07:52:23 [32mE:/my project/Golang/hr/hr-backend/internal/httpapi/auth.go:273 [33mSLOW SQL >= 200ms
[0m[31;1m[205.192ms] [33m[rows:14][35m SELECT * FROM "permissions" WHERE "permissions"."id" IN ('bee3b15c-a1f5-4c31-8f21-52422fe1d779','6e20086b-bd5c-4d7f-89a6-b3d95ab3e7a0','d19e697a-98e2-469e-9214-a6fa30b4fd3f','b8e8b45f-aa33-4db5-b4eb-343fb2fa9b37','9812c3be-57c2-4fb2-b0dc-55de9c83c00b','2950c517-fbc0-42cc-8237-5b2189cc58fe','5c79a954-bd36-41cc-ae16-3076ca3e8a05','9af8080e-abc3-4581-8c5e-e27a863de468','d835d01b-3013-49b9-9d77-15ca14422a22','ae9af0a2-4ffe-4cd0-9933-bfa5de0e0380','384aafff-152f-4e51-8264-8c746cb8f7fc','2c591e91-f4a9-4494-9c11-4820f458f72e','8ef68b12-b306-4e05-9af4-abcf8a97e319','20fff14f-0a64-4d53-b6b8-8342d85e2c88')[0m

2026/10/01 07:52:23 [32mE:/my project/Golang/hr/hr-backend/internal/httpapi/auth.go:273 [33mSLOW SQL >= 200ms
[0m[31;1m[449.819ms] [33m[rows:1][35m SELECT * FROM "roles" WHERE "roles"."id" = '6204ad4f-b588-49ed-9ae0-874e6e11feee'[0m

2026/10/01 07:52:23 [32mE:/my project/Golang/hr/hr-backend/internal/httpapi/auth.go:273 [33mSLOW SQL >= 200ms
[0m[31;1m[669.292ms] [33m[rows:1][35m SELECT * FROM "memberships" WHERE id = '9f6393bb-e49d-426c-bbb3-c205d01b45cc' ORDER BY "memberships"."id" LIMIT 1[0m

2026/10/01 07:52:23 [32mE:/my project/Golang/hr/hr-backend/internal/httpapi/core.go:883
[0m[33m[136.374ms] [34;1m[rows:1][0m SELECT count(*) FROM "employees" WHERE organization_id = 'a853448f-0fe7-4fd1-b5bf-af8f6857561c' AND deleted_at IS NULL AND hire_date >= date_trunc('month', CURRENT_DATE)

2026/10/01 07:52:23 [32mE:/my project/Golang/hr/hr-backend/internal/httpapi/core.go:883
[0m[33m[164.349ms] [34;1m[rows:1][0m SELECT count(*) FROM "employees" WHERE organization_id = 'a853448f-0fe7-4fd1-b5bf-af8f6857561c' AND deleted_at IS NULL AND hire_date >= date_trunc('month', CURRENT_DATE)

2026/10/01 07:52:23 [32mE:/my project/Golang/hr/hr-backend/internal/httpapi/core.go:884
[0m[33m[80.980ms] [34;1m[rows:1][0m SELECT count(*) FROM "departments" WHERE organization_id = 'a853448f-0fe7-4fd1-b5bf-af8f6857561c'

2026/10/01 07:52:23 [32mE:/my project/Golang/hr/hr-backend/internal/httpapi/core.go:885
[0m[33m[133.397ms] [34;1m[rows:1][0m SELECT count(*) FROM "employees" WHERE organization_id = 'a853448f-0fe7-4fd1-b5bf-af8f6857561c' AND status = 'on_leave' AND deleted_at IS NULL
{"time":"2026-10-01T07:52:23.947895+07:00","level":"INFO","msg":"http request","method":"GET","path":"/v1/dashboard/summary","status":200,"durationMs":3223,"requestId":"2f93e21c-5835-476b-89a6-90a299717d8b"}
{"time":"2026-10-01T07:52:23.9483994+07:00","level":"INFO","msg":"http request","method":"POST","path":"/v1/auth/refresh","status":401,"durationMs":0,"requestId":"b9e97bbd-c836-40bc-988c-ea75ca213f7c"}

2026/10/01 07:52:23 [32mE:/my project/Golang/hr/hr-backend/internal/httpapi/collaboration.go:86 [33mSLOW SQL >= 200ms
[0m[31;1m[263.142ms] [33m[rows:1][35m SELECT * FROM "positions" WHERE "positions"."id" = '1852a8a2-7a82-49ac-8f16-9ed5a646c374'[0m

2026/10/01 07:52:24 [32mE:/my project/Golang/hr/hr-backend/internal/httpapi/collaboration.go:86 [33mSLOW SQL >= 200ms
[0m[31;1m[522.907ms] [33m[rows:1][35m SELECT * FROM "employees" WHERE id='ff42d55b-eef0-4536-98bc-5b35b2c5cf42' ORDER BY "employees"."id" LIMIT 1[0m

2026/10/01 07:52:23 [32mE:/my project/Golang/hr/hr-backend/internal/httpapi/auth.go:278 [33mSLOW SQL >= 200ms
[0m[31;1m[376.942ms] [33m[rows:1][35m UPDATE "refresh_sessions" SET "revoked_at"='2026-10-01 00:52:23.569' WHERE "id" = 'aabdb7fa-a52e-4504-bc30-1d628fadcedd'[0m

2026/10/01 07:52:23 [32mE:/my project/Golang/hr/hr-backend/internal/httpapi/core.go:884 [33mSLOW SQL >= 200ms
[0m[31;1m[243.917ms] [33m[rows:1][35m SELECT count(*) FROM "departments" WHERE organization_id = 'a853448f-0fe7-4fd1-b5bf-af8f6857561c'[0m

2026/10/01 07:52:24 [32mE:/my project/Golang/hr/hr-backend/internal/httpapi/core.go:885
[0m[33m[70.591ms] [34;1m[rows:1][0m SELECT count(*) FROM "employees" WHERE organization_id = 'a853448f-0fe7-4fd1-b5bf-af8f6857561c' AND status = 'on_leave' AND deleted_at IS NULL
{"time":"2026-10-01T07:52:24.1421502+07:00","level":"INFO","msg":"http request","method":"GET","path":"/v1/dashboard/summary","status":200,"durationMs":2401,"requestId":"7c085f7d-98b9-41c3-930e-33c89505c391"}

2026/10/01 07:52:24 [32mE:/my project/Golang/hr/hr-backend/internal/httpapi/collaboration.go:91 [33mSLOW SQL >= 200ms
[0m[31;1m[204.749ms] [33m[rows:1][35m SELECT * FROM "messages" WHERE conversation_id='5b4201d0-144f-4a99-a460-0557e2df04d8' ORDER BY created_at DESC,"messages"."id" LIMIT 1[0m

2026/10/01 07:52:24 [32mE:/my project/Golang/hr/hr-backend/internal/httpapi/auth.go:245 [33mSLOW SQL >= 200ms
[0m[31;1m[339.849ms] [33m[rows:1][35m INSERT INTO "refresh_sessions" ("user_id","membership_id","organization_id","token_hash","expires_at","revoked_at","user_agent","ip_address","created_at") VALUES ('09947f6a-e1c8-4b63-830b-54df35d6151e','9f6393bb-e49d-426c-bbb3-c205d01b45cc','a853448f-0fe7-4fd1-b5bf-af8f6857561c','a5aec66a5bbe720ff4730ea552398bfc1ec6450a214060132711e666ba8aa97a','2026-10-31 00:52:24.057',NULL,'Mozilla/5.0 (Windows NT 10.0; Win64; x64) AppleWebKit/537.36 (KHTML, like Gecko) Chrome/153.0.8010.12 Safari/537.36','::1','2026-10-01 00:52:24.129') RETURNING "id"[0m

2026/10/01 07:52:24 [32mE:/my project/Golang/hr/hr-backend/internal/httpapi/collaboration.go:84 [33mSLOW SQL >= 200ms
[0m[31;1m[203.154ms] [33m[rows:1][35m SELECT * FROM "memberships" WHERE organization_id='a853448f-0fe7-4fd1-b5bf-af8f6857561c' AND user_id='09947f6a-e1c8-4b63-830b-54df35d6151e' ORDER BY "memberships"."id" LIMIT 1[0m

2026/10/01 07:52:24 [32mE:/my project/Golang/hr/hr-backend/internal/httpapi/collaboration.go:86
[0m[33m[140.730ms] [34;1m[rows:1][0m SELECT * FROM "positions" WHERE "positions"."id" = 'f4cce7ba-2b29-4730-963f-73177b188f1d'

2026/10/01 07:52:24 [32mE:/my project/Golang/hr/hr-backend/internal/httpapi/collaboration.go:86 [33mSLOW SQL >= 200ms
[0m[31;1m[473.264ms] [33m[rows:1][35m SELECT * FROM "employees" WHERE id='99d21239-e245-44f3-ba50-31138747118b' ORDER BY "employees"."id" LIMIT 1[0m

2026/10/01 07:52:25 [32mE:/my project/Golang/hr/hr-backend/internal/httpapi/auth.go:249 [33mSLOW SQL >= 200ms
[0m[31;1m[648.241ms] [33m[rows:1][35m UPDATE "users" SET "last_login_at"='2026-10-01 00:52:24.398',"updated_at"='2026-10-01 00:52:24.498' WHERE "id" = '09947f6a-e1c8-4b63-830b-54df35d6151e'[0m
{"time":"2026-10-01T07:52:24.8968227+07:00","level":"INFO","msg":"http request","method":"OPTIONS","path":"","status":204,"durationMs":0,"requestId":"ca420a94-736d-4e17-ae6a-53fdc710711c"}
{"time":"2026-10-01T07:52:25.0555643+07:00","level":"INFO","msg":"http request","method":"POST","path":"/v1/auth/refresh","status":200,"durationMs":2808,"requestId":"82ab54e1-b59e-4afa-8f46-271e8fbe2ee8"}

2026/10/01 07:52:25 [32mE:/my project/Golang/hr/hr-backend/internal/httpapi/context.go:66
[0m[33m[72.518ms] [34;1m[rows:0][0m SELECT employee_id FROM memberships WHERE id = '9f6393bb-e49d-426c-bbb3-c205d01b45cc' AND user_id = '09947f6a-e1c8-4b63-830b-54df35d6151e' AND organization_id = 'a853448f-0fe7-4fd1-b5bf-af8f6857561c'

2026/10/01 07:52:25 [32mE:/my project/Golang/hr/hr-backend/internal/httpapi/context.go:66 [33mSLOW SQL >= 200ms
[0m[31;1m[252.120ms] [33m[rows:0][35m SELECT employee_id FROM memberships WHERE id = '9f6393bb-e49d-426c-bbb3-c205d01b45cc' AND user_id = '09947f6a-e1c8-4b63-830b-54df35d6151e' AND organization_id = 'a853448f-0fe7-4fd1-b5bf-af8f6857561c'[0m

2026/10/01 07:52:25 [32mE:/my project/Golang/hr/hr-backend/internal/httpapi/collaboration.go:84 [33mSLOW SQL >= 200ms
[0m[31;1m[508.132ms] [33m[rows:1][35m SELECT * FROM "memberships" WHERE organization_id='a853448f-0fe7-4fd1-b5bf-af8f6857561c' AND user_id='f1f76b28-dedb-4a18-a0f5-fe1e0bb6c053' ORDER BY "memberships"."id" LIMIT 1[0m

2026/10/01 07:52:25 [32mE:/my project/Golang/hr/hr-backend/internal/httpapi/context.go:66 [33mSLOW SQL >= 200ms
[0m[31;1m[263.274ms] [33m[rows:0][35m SELECT employee_id FROM memberships WHERE id = '9f6393bb-e49d-426c-bbb3-c205d01b45cc' AND user_id = '09947f6a-e1c8-4b63-830b-54df35d6151e' AND organization_id = 'a853448f-0fe7-4fd1-b5bf-af8f6857561c'[0m

2026/10/01 07:52:25 [32mE:/my project/Golang/hr/hr-backend/internal/httpapi/collaboration.go:35
[0m[33m[129.304ms] [34;1m[rows:1][0m SELECT count(*) FROM "notifications" WHERE organization_id='a853448f-0fe7-4fd1-b5bf-af8f6857561c' AND user_id='09947f6a-e1c8-4b63-830b-54df35d6151e' AND dismissed_at IS NULL

2026/10/01 07:52:25 [32mE:/my project/Golang/hr/hr-backend/internal/httpapi/collaboration.go:86
[0m[33m[126.387ms] [34;1m[rows:1][0m SELECT * FROM "positions" WHERE "positions"."id" = '42888e9e-7b3e-4655-a22a-279061ae192d'

2026/10/01 07:52:25 [32mE:/my project/Golang/hr/hr-backend/internal/httpapi/collaboration.go:86 [33mSLOW SQL >= 200ms
[0m[31;1m[203.714ms] [33m[rows:1][35m SELECT * FROM "employees" WHERE id='df62d62f-b0d3-42e8-b742-b6001c2643b7' ORDER BY "employees"."id" LIMIT 1[0m

2026/10/01 07:52:25 [32mE:/my project/Golang/hr/hr-backend/internal/httpapi/collaboration.go:36
[0m[33m[109.709ms] [34;1m[rows:3][0m SELECT * FROM "notifications" WHERE organization_id='a853448f-0fe7-4fd1-b5bf-af8f6857561c' AND user_id='09947f6a-e1c8-4b63-830b-54df35d6151e' AND dismissed_at IS NULL ORDER BY created_at DESC LIMIT 20
{"time":"2026-10-01T07:52:25.9298996+07:00","level":"INFO","msg":"http request","method":"GET","path":"/v1/notifications","status":200,"durationMs":638,"requestId":"97dc979a-726b-4171-82bd-7a672dbdf98c"}

2026/10/01 07:52:26 [32mE:/my project/Golang/hr/hr-backend/internal/httpapi/collaboration.go:91 [33mSLOW SQL >= 200ms
[0m[31;1m[284.766ms] [33m[rows:1][35m SELECT * FROM "messages" WHERE conversation_id='e129a7fe-efec-489d-a758-f8848f2f2acf' ORDER BY created_at DESC,"messages"."id" LIMIT 1[0m

2026/10/01 07:52:26 [32mE:/my project/Golang/hr/hr-backend/internal/httpapi/context.go:66
[0m[33m[103.699ms] [34;1m[rows:0][0m SELECT employee_id FROM memberships WHERE id = '9f6393bb-e49d-426c-bbb3-c205d01b45cc' AND user_id = '09947f6a-e1c8-4b63-830b-54df35d6151e' AND organization_id = 'a853448f-0fe7-4fd1-b5bf-af8f6857561c'

2026/10/01 07:52:26 [32mE:/my project/Golang/hr/hr-backend/internal/httpapi/collaboration.go:84
[0m[33m[125.888ms] [34;1m[rows:1][0m SELECT * FROM "memberships" WHERE organization_id='a853448f-0fe7-4fd1-b5bf-af8f6857561c' AND user_id='09947f6a-e1c8-4b63-830b-54df35d6151e' ORDER BY "memberships"."id" LIMIT 1

2026/10/01 07:52:26 [32mE:/my project/Golang/hr/hr-backend/internal/httpapi/collaboration.go:35 [33mSLOW SQL >= 200ms
[0m[31;1m[330.602ms] [33m[rows:1][35m SELECT count(*) FROM "notifications" WHERE organization_id='a853448f-0fe7-4fd1-b5bf-af8f6857561c' AND user_id='09947f6a-e1c8-4b63-830b-54df35d6151e' AND dismissed_at IS NULL[0m

2026/10/01 07:52:26 [32mE:/my project/Golang/hr/hr-backend/internal/httpapi/collaboration.go:36
[0m[33m[80.554ms] [34;1m[rows:3][0m SELECT * FROM "notifications" WHERE organization_id='a853448f-0fe7-4fd1-b5bf-af8f6857561c' AND user_id='09947f6a-e1c8-4b63-830b-54df35d6151e' AND dismissed_at IS NULL ORDER BY created_at DESC LIMIT 20
{"time":"2026-10-01T07:52:26.883327+07:00","level":"INFO","msg":"http request","method":"POST","path":"/v1/realtime/tickets","status":200,"durationMs":1601,"requestId":"d57c5d38-2a65-4022-926c-dec6ae64be83"}
{"time":"2026-10-01T07:52:26.883327+07:00","level":"INFO","msg":"http request","method":"GET","path":"/v1/notifications","status":200,"durationMs":782,"requestId":"00c341ca-939a-4d87-a0d2-1c01c4e46279"}

2026/10/01 07:52:27 [32mE:/my project/Golang/hr/hr-backend/internal/httpapi/collaboration.go:86 [33mSLOW SQL >= 200ms
[0m[31;1m[232.985ms] [33m[rows:1][35m SELECT * FROM "positions" WHERE "positions"."id" = 'f4cce7ba-2b29-4730-963f-73177b188f1d'[0m

2026/10/01 07:52:27 [32mE:/my project/Golang/hr/hr-backend/internal/httpapi/collaboration.go:86 [33mSLOW SQL >= 200ms
[0m[31;1m[604.493ms] [33m[rows:1][35m SELECT * FROM "employees" WHERE id='99d21239-e245-44f3-ba50-31138747118b' ORDER BY "employees"."id" LIMIT 1[0m

2026/10/01 07:52:27 [32mE:/my project/Golang/hr/hr-backend/internal/httpapi/core.go:857
[0m[33m[150.330ms] [34;1m[rows:1][0m SELECT count(*) FROM "employees" WHERE organization_id = 'a853448f-0fe7-4fd1-b5bf-af8f6857561c' AND status = 'active' AND deleted_at IS NULL

2026/10/01 07:52:27 [32mE:/my project/Golang/hr/hr-backend/internal/httpapi/core.go:858
[0m[33m[112.179ms] [34;1m[rows:1][0m SELECT count(*) FROM "leave_requests" WHERE organization_id = 'a853448f-0fe7-4fd1-b5bf-af8f6857561c' AND status = 'pending'

2026/10/01 07:52:27 [32mE:/my project/Golang/hr/hr-backend/internal/httpapi/collaboration.go:84
[0m[33m[127.206ms] [34;1m[rows:1][0m SELECT * FROM "memberships" WHERE organization_id='a853448f-0fe7-4fd1-b5bf-af8f6857561c' AND user_id='5fc1b8f9-22eb-4d10-8258-d6a0bca36943' ORDER BY "memberships"."id" LIMIT 1

2026/10/01 07:52:27 [32mE:/my project/Golang/hr/hr-backend/internal/httpapi/core.go:860
[0m[33m[95.508ms] [34;1m[rows:1][0m SELECT * FROM "payroll_runs" WHERE organization_id = 'a853448f-0fe7-4fd1-b5bf-af8f6857561c' ORDER BY period_end DESC,"payroll_runs"."id" LIMIT 1

2026/10/01 07:52:27 [32mE:/my project/Golang/hr/hr-backend/internal/httpapi/core.go:867
[0m[33m[48.771ms] [34;1m[rows:5][0m SELECT date, COUNT(*) FILTER (WHERE status IN ('present','late')) AS attendance, COALESCE(SUM(overtime_minutes),0) AS overtime FROM attendances WHERE organization_id = 'a853448f-0fe7-4fd1-b5bf-af8f6857561c' AND date >= CURRENT_DATE - INTERVAL '6 days' GROUP BY date ORDER BY date

2026/10/01 07:52:27 [32mE:/my project/Golang/hr/hr-backend/internal/httpapi/collaboration.go:86
[0m[33m[56.837ms] [34;1m[rows:1][0m SELECT * FROM "positions" WHERE "positions"."id" = '97ff9903-45e2-4bc5-99f3-7966b794846b'

2026/10/01 07:52:27 [32mE:/my project/Golang/hr/hr-backend/internal/httpapi/collaboration.go:86
[0m[33m[149.577ms] [34;1m[rows:1][0m SELECT * FROM "employees" WHERE id='507600c3-5458-47c9-8c05-3f07a3b6ec88' ORDER BY "employees"."id" LIMIT 1

2026/10/01 07:52:27 [32mE:/my project/Golang/hr/hr-backend/internal/httpapi/operations.go:48
[0m[33m[53.252ms] [34;1m[rows:1][0m SELECT "timezone" FROM "organizations" WHERE id = 'a853448f-0fe7-4fd1-b5bf-af8f6857561c'

2026/10/01 07:52:27 [32mE:/my project/Golang/hr/hr-backend/internal/httpapi/collaboration.go:91
[0m[33m[124.607ms] [34;1m[rows:1][0m SELECT * FROM "messages" WHERE conversation_id='5994fa16-8090-4cfa-98d3-16110300d684' ORDER BY created_at DESC,"messages"."id" LIMIT 1
{"time":"2026-10-01T07:52:27.5564381+07:00","level":"INFO","msg":"http request","method":"GET","path":"/v1/conversations","status":200,"durationMs":6090,"requestId":"b114cf93-f24a-49df-99e6-6e6b2ce866ad"}

2026/10/01 07:52:27 [32mE:/my project/Golang/hr/hr-backend/internal/httpapi/core.go:896
[0m[33m[137.662ms] [34;1m[rows:0][0m SELECT "attention_key" FROM "attention_dismissals" WHERE organization_id = 'a853448f-0fe7-4fd1-b5bf-af8f6857561c' AND user_id = '09947f6a-e1c8-4b63-830b-54df35d6151e'

2026/10/01 07:52:27 [32mE:/my project/Golang/hr/hr-backend/internal/httpapi/core.go:903
[0m[33m[188.468ms] [34;1m[rows:1][0m SELECT count(*) FROM "employees" WHERE organization_id = 'a853448f-0fe7-4fd1-b5bf-af8f6857561c' AND end_date BETWEEN CURRENT_DATE AND CURRENT_DATE + INTERVAL '30 days'

2026/10/01 07:52:28 [32mE:/my project/Golang/hr/hr-backend/internal/httpapi/core.go:908
[0m[33m[70.331ms] [34;1m[rows:1][0m SELECT count(*) FROM "leave_requests" WHERE organization_id = 'a853448f-0fe7-4fd1-b5bf-af8f6857561c' AND status = 'pending'

2026/10/01 07:52:28 [32mE:/my project/Golang/hr/hr-backend/internal/httpapi/core.go:883 [33mSLOW SQL >= 200ms
[0m[31;1m[240.654ms] [33m[rows:1][35m SELECT count(*) FROM "employees" WHERE organization_id = 'a853448f-0fe7-4fd1-b5bf-af8f6857561c' AND deleted_at IS NULL AND hire_date >= date_trunc('month', CURRENT_DATE)[0m

2026/10/01 07:52:28 [32mE:/my project/Golang/hr/hr-backend/internal/httpapi/core.go:884
[0m[33m[68.948ms] [34;1m[rows:1][0m SELECT count(*) FROM "departments" WHERE organization_id = 'a853448f-0fe7-4fd1-b5bf-af8f6857561c'

2026/10/01 07:52:28 [32mE:/my project/Golang/hr/hr-backend/internal/httpapi/core.go:885
[0m[33m[71.553ms] [34;1m[rows:1][0m SELECT count(*) FROM "employees" WHERE organization_id = 'a853448f-0fe7-4fd1-b5bf-af8f6857561c' AND status = 'on_leave' AND deleted_at IS NULL
{"time":"2026-10-01T07:52:28.8207653+07:00","level":"INFO","msg":"http request","method":"GET","path":"/v1/dashboard/summary","status":200,"durationMs":3539,"requestId":"9e39e28c-64f6-4322-95e9-6008179bbb9e"}

2026/10/01 07:52:30 [32mE:/my project/Golang/hr/hr-backend/internal/httpapi/auth.go:40
[0m[33m[66.228ms] [34;1m[rows:1][0m SELECT * FROM "organizations" WHERE "organizations"."id" = 'a853448f-0fe7-4fd1-b5bf-af8f6857561c'

2026/10/01 07:52:30 [32m
[0m[33m[77.923ms] [34;1m[rows:14][0m SELECT * FROM "role_permissions" WHERE "role_permissions"."role_id" = '6204ad4f-b588-49ed-9ae0-874e6e11feee'

2026/10/01 07:52:30 [32m
[0m[33m[114.700ms] [34;1m[rows:14][0m SELECT * FROM "permissions" WHERE "permissions"."id" IN ('bee3b15c-a1f5-4c31-8f21-52422fe1d779','6e20086b-bd5c-4d7f-89a6-b3d95ab3e7a0','d19e697a-98e2-469e-9214-a6fa30b4fd3f','b8e8b45f-aa33-4db5-b4eb-343fb2fa9b37','9812c3be-57c2-4fb2-b0dc-55de9c83c00b','2950c517-fbc0-42cc-8237-5b2189cc58fe','5c79a954-bd36-41cc-ae16-3076ca3e8a05','9af8080e-abc3-4581-8c5e-e27a863de468','d835d01b-3013-49b9-9d77-15ca14422a22','ae9af0a2-4ffe-4cd0-9933-bfa5de0e0380','384aafff-152f-4e51-8264-8c746cb8f7fc','2c591e91-f4a9-4494-9c11-4820f458f72e','8ef68b12-b306-4e05-9af4-abcf8a97e319','20fff14f-0a64-4d53-b6b8-8342d85e2c88')

2026/10/01 07:52:30 [32mE:/my project/Golang/hr/hr-backend/internal/httpapi/auth.go:40 [33mSLOW SQL >= 200ms
[0m[31;1m[312.337ms] [33m[rows:1][35m SELECT * FROM "roles" WHERE "roles"."id" = '6204ad4f-b588-49ed-9ae0-874e6e11feee'[0m

2026/10/01 07:52:30 [32mE:/my project/Golang/hr/hr-backend/internal/httpapi/auth.go:40 [33mSLOW SQL >= 200ms
[0m[31;1m[537.729ms] [33m[rows:1][35m SELECT * FROM "memberships" WHERE "memberships"."user_id" = '09947f6a-e1c8-4b63-830b-54df35d6151e'[0m

2026/10/01 07:52:30 [32mE:/my project/Golang/hr/hr-backend/internal/httpapi/auth.go:40 [33mSLOW SQL >= 200ms
[0m[31;1m[833.909ms] [33m[rows:1][35m SELECT * FROM "users" WHERE lower(email) = 'sarah@simpul.co.id' ORDER BY "users"."id" LIMIT 1[0m
{"time":"2026-10-01T07:52:30.7688297+07:00","level":"INFO","msg":"http request","method":"POST","path":"/v1/auth/refresh","status":401,"durationMs":0,"requestId":"62d5423c-003b-4c8f-8b1a-a902a290f1a8"}

2026/10/01 07:52:31 [32mE:/my project/Golang/hr/hr-backend/internal/httpapi/auth.go:245 [33mSLOW SQL >= 200ms
[0m[31;1m[436.684ms] [33m[rows:1][35m INSERT INTO "refresh_sessions" ("user_id","membership_id","organization_id","token_hash","expires_at","revoked_at","user_agent","ip_address","created_at") VALUES ('09947f6a-e1c8-4b63-830b-54df35d6151e','9f6393bb-e49d-426c-bbb3-c205d01b45cc','a853448f-0fe7-4fd1-b5bf-af8f6857561c','7c8e04e3dd715c1af85569c5bf3ce313a0f7770ab739994cda992aa9fba0827d','2026-10-31 00:52:30.767',NULL,'Mozilla/5.0 (Windows NT 10.0; Win64; x64) AppleWebKit/537.36 (KHTML, like Gecko) Chrome/153.0.8010.12 Safari/537.36','::1','2026-10-01 00:52:30.882') RETURNING "id"[0m

2026/10/01 07:52:31 [32mE:/my project/Golang/hr/hr-backend/internal/httpapi/auth.go:249 [33mSLOW SQL >= 200ms
[0m[31;1m[614.101ms] [33m[rows:0][35m INSERT INTO "organizations" ("slug","name","industry","address","phone","email","timezone","locale","currency","created_at","updated_at","id") VALUES ('simpul-demo','PT Simpul Teknologi Indonesia','Teknologi Informasi & SaaS','Sopo Del Tower Lt. 18, Mega Kuningan, Jakarta Selatan','+62 21-5088-0123','ops@simpul.co.id','Asia/Jakarta','id-ID','IDR','2026-10-01 07:38:31.513','2026-10-01 07:46:46.184','a853448f-0fe7-4fd1-b5bf-af8f6857561c') ON CONFLICT DO NOTHING RETURNING "id"[0m
{"time":"2026-10-01T07:52:32.1414028+07:00","level":"INFO","msg":"http request","method":"OPTIONS","path":"","status":204,"durationMs":0,"requestId":"b6a63673-912b-4627-9014-7e87e2444048"}

2026/10/01 07:52:32 [32m
[0m[33m[122.687ms] [34;1m[rows:0][0m INSERT INTO "permissions" ("key","label","description","id") VALUES ('performance.manage','Mengelola Performa','','2950c517-fbc0-42cc-8237-5b2189cc58fe'),('settings.manage','Mengelola Pengaturan','','5c79a954-bd36-41cc-ae16-3076ca3e8a05'),('support.manage','Mengelola Tiket Bantuan','','9af8080e-abc3-4581-8c5e-e27a863de468'),('employees.view','Melihat Direktori Karyawan','','d835d01b-3013-49b9-9d77-15ca14422a22'),('employees.manage','Mengelola Data Karyawan','','ae9af0a2-4ffe-4cd0-9933-bfa5de0e0380'),('attendance.manage','Mengelola Absensi dan Shift','','384aafff-152f-4e51-8264-8c746cb8f7fc'),('payroll.run','Menjalankan Payroll','','2c591e91-f4a9-4494-9c11-4820f458f72e'),('recruitment.view','Melihat Rekrutmen','','8ef68b12-b306-4e05-9af4-abcf8a97e319'),('recruitment.manage','Mengelola Rekrutmen','','20fff14f-0a64-4d53-b6b8-8342d85e2c88'),('performance.view','Melihat Performa','','bee3b15c-a1f5-4c31-8f21-52422fe1d779'),('analytics.view','Melihat Analitik','','6e20086b-bd5c-4d7f-89a6-b3d95ab3e7a0'),('attendance.view','Melihat Absensi dan Shift','','d19e697a-98e2-469e-9214-a6fa30b4fd3f'),('leave.approve','Menyetujui Cuti','','b8e8b45f-aa33-4db5-b4eb-343fb2fa9b37'),('payroll.view','Melihat Payroll','','9812c3be-57c2-4fb2-b0dc-55de9c83c00b') ON CONFLICT DO NOTHING RETURNING "id"

2026/10/01 07:52:33 [32m [33mSLOW SQL >= 200ms
[0m[31;1m[234.649ms] [33m[rows:0][35m INSERT INTO "role_permissions" ("role_id","permission_id") VALUES ('6204ad4f-b588-49ed-9ae0-874e6e11feee','2950c517-fbc0-42cc-8237-5b2189cc58fe'),('6204ad4f-b588-49ed-9ae0-874e6e11feee','5c79a954-bd36-41cc-ae16-3076ca3e8a05'),('6204ad4f-b588-49ed-9ae0-874e6e11feee','9af8080e-abc3-4581-8c5e-e27a863de468'),('6204ad4f-b588-49ed-9ae0-874e6e11feee','d835d01b-3013-49b9-9d77-15ca14422a22'),('6204ad4f-b588-49ed-9ae0-874e6e11feee','ae9af0a2-4ffe-4cd0-9933-bfa5de0e0380'),('6204ad4f-b588-49ed-9ae0-874e6e11feee','384aafff-152f-4e51-8264-8c746cb8f7fc'),('6204ad4f-b588-49ed-9ae0-874e6e11feee','2c591e91-f4a9-4494-9c11-4820f458f72e'),('6204ad4f-b588-49ed-9ae0-874e6e11feee','8ef68b12-b306-4e05-9af4-abcf8a97e319'),('6204ad4f-b588-49ed-9ae0-874e6e11feee','20fff14f-0a64-4d53-b6b8-8342d85e2c88'),('6204ad4f-b588-49ed-9ae0-874e6e11feee','bee3b15c-a1f5-4c31-8f21-52422fe1d779'),('6204ad4f-b588-49ed-9ae0-874e6e11feee','6e20086b-bd5c-4d7f-89a6-b3d95ab3e7a0'),('6204ad4f-b588-49ed-9ae0-874e6e11feee','d19e697a-98e2-469e-9214-a6fa30b4fd3f'),('6204ad4f-b588-49ed-9ae0-874e6e11feee','b8e8b45f-aa33-4db5-b4eb-343fb2fa9b37'),('6204ad4f-b588-49ed-9ae0-874e6e11feee','9812c3be-57c2-4fb2-b0dc-55de9c83c00b') ON CONFLICT DO NOTHING RETURNING "role_id","permission_id"[0m

2026/10/01 07:52:33 [32mE:/my project/Golang/hr/hr-backend/internal/httpapi/auth.go:249 [33mSLOW SQL >= 200ms
[0m[31;1m[722.851ms] [33m[rows:0][35m INSERT INTO "roles" ("organization_id","key","name","description","is_system","created_at","updated_at","id") VALUES ('a853448f-0fe7-4fd1-b5bf-af8f6857561c','hr_admin','HR Admin','System role hr_admin',true,'2026-10-01 07:38:33.93','2026-10-01 07:46:49.167','6204ad4f-b588-49ed-9ae0-874e6e11feee') ON CONFLICT DO NOTHING RETURNING "id"[0m

2026/10/01 07:52:33 [32mE:/my project/Golang/hr/hr-backend/internal/httpapi/auth.go:249 [33mSLOW SQL >= 200ms
[0m[31;1m[2189.813ms] [33m[rows:1][35m INSERT INTO "memberships" ("organization_id","user_id","employee_id","role_id","created_at","updated_at","id") VALUES ('a853448f-0fe7-4fd1-b5bf-af8f6857561c','09947f6a-e1c8-4b63-830b-54df35d6151e','99d21239-e245-44f3-ba50-31138747118b','6204ad4f-b588-49ed-9ae0-874e6e11feee','2026-10-01 07:38:42.175','2026-10-01 07:46:57.406','9f6393bb-e49d-426c-bbb3-c205d01b45cc') ON CONFLICT ("id") DO UPDATE SET "user_id"="excluded"."user_id" RETURNING "id"[0m

2026/10/01 07:52:33 [32mE:/my project/Golang/hr/hr-backend/internal/httpapi/auth.go:249 [33mSLOW SQL >= 200ms
[0m[31;1m[2541.120ms] [33m[rows:1][35m UPDATE "users" SET "last_login_at"='2026-10-01 00:52:31.205',"updated_at"='2026-10-01 00:52:31.285' WHERE "id" = '09947f6a-e1c8-4b63-830b-54df35d6151e'[0m
{"time":"2026-10-01T07:52:33.7630485+07:00","level":"INFO","msg":"http request","method":"POST","path":"/v1/auth/login","status":200,"durationMs":8704,"requestId":"30c81055-f588-4f7e-b72a-fc966a20457d"}
{"time":"2026-10-01T07:52:33.925202+07:00","level":"INFO","msg":"http request","method":"OPTIONS","path":"","status":204,"durationMs":0,"requestId":"a8d7aa10-7250-4d7c-8873-d00a80afe0a4"}
{"time":"2026-10-01T07:52:34.0632182+07:00","level":"INFO","msg":"http request","method":"OPTIONS","path":"","status":204,"durationMs":0,"requestId":"666e7d5d-5007-41de-951d-f707787f5560"}
{"time":"2026-10-01T07:52:34.0642532+07:00","level":"INFO","msg":"http request","method":"OPTIONS","path":"","status":204,"durationMs":0,"requestId":"0166918a-0b0d-426a-8a7c-f85d383f2dbe"}
{"time":"2026-10-01T07:52:34.0642532+07:00","level":"INFO","msg":"http request","method":"OPTIONS","path":"","status":204,"durationMs":0,"requestId":"a0a86986-9b4f-404e-90af-346521e2b45d"}

2026/10/01 07:52:34 [32mE:/my project/Golang/hr/hr-backend/internal/httpapi/context.go:66
[0m[33m[149.469ms] [34;1m[rows:0][0m SELECT employee_id FROM memberships WHERE id = '9f6393bb-e49d-426c-bbb3-c205d01b45cc' AND user_id = '09947f6a-e1c8-4b63-830b-54df35d6151e' AND organization_id = 'a853448f-0fe7-4fd1-b5bf-af8f6857561c'

2026/10/01 07:52:34 [32mE:/my project/Golang/hr/hr-backend/internal/httpapi/context.go:66
[0m[33m[180.236ms] [34;1m[rows:0][0m SELECT employee_id FROM memberships WHERE id = '9f6393bb-e49d-426c-bbb3-c205d01b45cc' AND user_id = '09947f6a-e1c8-4b63-830b-54df35d6151e' AND organization_id = 'a853448f-0fe7-4fd1-b5bf-af8f6857561c'

2026/10/01 07:52:34 [32mE:/my project/Golang/hr/hr-backend/internal/httpapi/context.go:66
[0m[33m[189.665ms] [34;1m[rows:0][0m SELECT employee_id FROM memberships WHERE id = '9f6393bb-e49d-426c-bbb3-c205d01b45cc' AND user_id = '09947f6a-e1c8-4b63-830b-54df35d6151e' AND organization_id = 'a853448f-0fe7-4fd1-b5bf-af8f6857561c'
{"time":"2026-10-01T07:52:34.3475324+07:00","level":"INFO","msg":"http request","method":"POST","path":"/v1/realtime/tickets","status":200,"durationMs":284,"requestId":"48387d16-8cf1-4745-a87e-988c66e4201b"}

2026/10/01 07:52:34 [32mE:/my project/Golang/hr/hr-backend/internal/httpapi/collaboration.go:35
[0m[33m[125.107ms] [34;1m[rows:1][0m SELECT count(*) FROM "notifications" WHERE organization_id='a853448f-0fe7-4fd1-b5bf-af8f6857561c' AND user_id='09947f6a-e1c8-4b63-830b-54df35d6151e' AND dismissed_at IS NULL

2026/10/01 07:52:34 [32mE:/my project/Golang/hr/hr-backend/internal/httpapi/core.go:857 [33mSLOW SQL >= 200ms
[0m[31;1m[309.536ms] [33m[rows:1][35m SELECT count(*) FROM "employees" WHERE organization_id = 'a853448f-0fe7-4fd1-b5bf-af8f6857561c' AND status = 'active' AND deleted_at IS NULL[0m

2026/10/01 07:52:34 [32mE:/my project/Golang/hr/hr-backend/internal/httpapi/collaboration.go:36 [33mSLOW SQL >= 200ms
[0m[31;1m[230.993ms] [33m[rows:3][35m SELECT * FROM "notifications" WHERE organization_id='a853448f-0fe7-4fd1-b5bf-af8f6857561c' AND user_id='09947f6a-e1c8-4b63-830b-54df35d6151e' AND dismissed_at IS NULL ORDER BY created_at DESC LIMIT 20[0m
{"time":"2026-10-01T07:52:34.6775924+07:00","level":"INFO","msg":"http request","method":"GET","path":"/v1/notifications","status":200,"durationMs":584,"requestId":"ababb5be-472b-4e4a-8c02-94ba97652b67"}

2026/10/01 07:52:34 [32mE:/my project/Golang/hr/hr-backend/internal/httpapi/core.go:858
[0m[33m[184.841ms] [34;1m[rows:1][0m SELECT count(*) FROM "leave_requests" WHERE organization_id = 'a853448f-0fe7-4fd1-b5bf-af8f6857561c' AND status = 'pending'

2026/10/01 07:52:35 [32mE:/my project/Golang/hr/hr-backend/internal/httpapi/core.go:860
[0m[33m[184.829ms] [34;1m[rows:1][0m SELECT * FROM "payroll_runs" WHERE organization_id = 'a853448f-0fe7-4fd1-b5bf-af8f6857561c' ORDER BY period_end DESC,"payroll_runs"."id" LIMIT 1

2026/10/01 07:52:35 [32mE:/my project/Golang/hr/hr-backend/internal/httpapi/core.go:867
[0m[33m[119.886ms] [34;1m[rows:5][0m SELECT date, COUNT(*) FILTER (WHERE status IN ('present','late')) AS attendance, COALESCE(SUM(overtime_minutes),0) AS overtime FROM attendances WHERE organization_id = 'a853448f-0fe7-4fd1-b5bf-af8f6857561c' AND date >= CURRENT_DATE - INTERVAL '6 days' GROUP BY date ORDER BY date

2026/10/01 07:52:35 [32mE:/my project/Golang/hr/hr-backend/internal/httpapi/operations.go:48 [33mSLOW SQL >= 200ms
[0m[31;1m[217.917ms] [33m[rows:1][35m SELECT "timezone" FROM "organizations" WHERE id = 'a853448f-0fe7-4fd1-b5bf-af8f6857561c'[0m

2026/10/01 07:52:35 [32mE:/my project/Golang/hr/hr-backend/internal/httpapi/auth.go:40
[0m[33m[77.720ms] [34;1m[rows:1][0m SELECT * FROM "organizations" WHERE "organizations"."id" = 'a853448f-0fe7-4fd1-b5bf-af8f6857561c'

2026/10/01 07:52:35 [32mE:/my project/Golang/hr/hr-backend/internal/httpapi/core.go:896
[0m[33m[172.565ms] [34;1m[rows:0][0m SELECT "attention_key" FROM "attention_dismissals" WHERE organization_id = 'a853448f-0fe7-4fd1-b5bf-af8f6857561c' AND user_id = '09947f6a-e1c8-4b63-830b-54df35d6151e'

2026/10/01 07:52:35 [32mE:/my project/Golang/hr/hr-backend/internal/httpapi/auth.go:262
[0m[33m[131.955ms] [34;1m[rows:1][0m SELECT * FROM "refresh_sessions" WHERE token_hash = '7c8e04e3dd715c1af85569c5bf3ce313a0f7770ab739994cda992aa9fba0827d' AND revoked_at IS NULL AND expires_at > '2026-10-01 00:52:35.771' ORDER BY "refresh_sessions"."id" LIMIT 1

2026/10/01 07:52:35 [32m
[0m[33m[62.498ms] [34;1m[rows:14][0m SELECT * FROM "role_permissions" WHERE "role_permissions"."role_id" = '6204ad4f-b588-49ed-9ae0-874e6e11feee'

2026/10/01 07:52:35 [32mE:/my project/Golang/hr/hr-backend/internal/httpapi/core.go:903
[0m[33m[141.244ms] [34;1m[rows:1][0m SELECT count(*) FROM "employees" WHERE organization_id = 'a853448f-0fe7-4fd1-b5bf-af8f6857561c' AND end_date BETWEEN CURRENT_DATE AND CURRENT_DATE + INTERVAL '30 days'

2026/10/01 07:52:36 [32mE:/my project/Golang/hr/hr-backend/internal/httpapi/core.go:908
[0m[33m[125.406ms] [34;1m[rows:1][0m SELECT count(*) FROM "leave_requests" WHERE organization_id = 'a853448f-0fe7-4fd1-b5bf-af8f6857561c' AND status = 'pending'

2026/10/01 07:52:36 [32m
[0m[33m[188.278ms] [34;1m[rows:14][0m SELECT * FROM "permissions" WHERE "permissions"."id" IN ('bee3b15c-a1f5-4c31-8f21-52422fe1d779','6e20086b-bd5c-4d7f-89a6-b3d95ab3e7a0','d19e697a-98e2-469e-9214-a6fa30b4fd3f','b8e8b45f-aa33-4db5-b4eb-343fb2fa9b37','9812c3be-57c2-4fb2-b0dc-55de9c83c00b','2950c517-fbc0-42cc-8237-5b2189cc58fe','5c79a954-bd36-41cc-ae16-3076ca3e8a05','9af8080e-abc3-4581-8c5e-e27a863de468','d835d01b-3013-49b9-9d77-15ca14422a22','ae9af0a2-4ffe-4cd0-9933-bfa5de0e0380','384aafff-152f-4e51-8264-8c746cb8f7fc','2c591e91-f4a9-4494-9c11-4820f458f72e','8ef68b12-b306-4e05-9af4-abcf8a97e319','20fff14f-0a64-4d53-b6b8-8342d85e2c88')

2026/10/01 07:52:36 [32mE:/my project/Golang/hr/hr-backend/internal/httpapi/auth.go:40 [33mSLOW SQL >= 200ms
[0m[31;1m[409.846ms] [33m[rows:1][35m SELECT * FROM "roles" WHERE "roles"."id" = '6204ad4f-b588-49ed-9ae0-874e6e11feee'[0m

2026/10/01 07:52:36 [32mE:/my project/Golang/hr/hr-backend/internal/httpapi/auth.go:269 [33mSLOW SQL >= 200ms
[0m[31;1m[250.776ms] [33m[rows:1][35m SELECT * FROM "users" WHERE id = '09947f6a-e1c8-4b63-830b-54df35d6151e' ORDER BY "users"."id" LIMIT 1[0m

2026/10/01 07:52:36 [32mE:/my project/Golang/hr/hr-backend/internal/httpapi/auth.go:40 [33mSLOW SQL >= 200ms
[0m[31;1m[784.356ms] [33m[rows:1][35m SELECT * FROM "memberships" WHERE "memberships"."user_id" = '09947f6a-e1c8-4b63-830b-54df35d6151e'[0m

2026/10/01 07:52:36 [32mE:/my project/Golang/hr/hr-backend/internal/httpapi/auth.go:40 [33mSLOW SQL >= 200ms
[0m[31;1m[882.939ms] [33m[rows:1][35m SELECT * FROM "users" WHERE lower(email) = 'sarah@simpul.co.id' ORDER BY "users"."id" LIMIT 1[0m

2026/10/01 07:52:36 [32mE:/my project/Golang/hr/hr-backend/internal/httpapi/core.go:883 [33mSLOW SQL >= 200ms
[0m[31;1m[262.971ms] [33m[rows:1][35m SELECT count(*) FROM "employees" WHERE organization_id = 'a853448f-0fe7-4fd1-b5bf-af8f6857561c' AND deleted_at IS NULL AND hire_date >= date_trunc('month', CURRENT_DATE)[0m

2026/10/01 07:52:36 [32mE:/my project/Golang/hr/hr-backend/internal/httpapi/auth.go:273
[0m[33m[171.135ms] [34;1m[rows:1][0m SELECT * FROM "organizations" WHERE "organizations"."id" = 'a853448f-0fe7-4fd1-b5bf-af8f6857561c'

2026/10/01 07:52:36 [32mE:/my project/Golang/hr/hr-backend/internal/httpapi/core.go:884
[0m[33m[127.698ms] [34;1m[rows:1][0m SELECT count(*) FROM "departments" WHERE organization_id = 'a853448f-0fe7-4fd1-b5bf-af8f6857561c'

2026/10/01 07:52:36 [32mE:/my project/Golang/hr/hr-backend/internal/httpapi/auth.go:273
[0m[33m[79.117ms] [34;1m[rows:14][0m SELECT * FROM "role_permissions" WHERE "role_permissions"."role_id" = '6204ad4f-b588-49ed-9ae0-874e6e11feee'

2026/10/01 07:52:36 [32mE:/my project/Golang/hr/hr-backend/internal/httpapi/auth.go:245 [33mSLOW SQL >= 200ms
[0m[31;1m[265.633ms] [33m[rows:1][35m INSERT INTO "refresh_sessions" ("user_id","membership_id","organization_id","token_hash","expires_at","revoked_at","user_agent","ip_address","created_at") VALUES ('09947f6a-e1c8-4b63-830b-54df35d6151e','9f6393bb-e49d-426c-bbb3-c205d01b45cc','a853448f-0fe7-4fd1-b5bf-af8f6857561c','64387d1f587dbac21fe436a72468b474f4da236c8aee58c085d86062119011db','2026-10-31 00:52:36.406',NULL,'Mozilla/5.0 (Windows NT 10.0; Win64; x64) AppleWebKit/537.36 (KHTML, like Gecko) Chrome/153.0.8010.12 Safari/537.36','::1','2026-10-01 00:52:36.483') RETURNING "id"[0m

2026/10/01 07:52:36 [32mE:/my project/Golang/hr/hr-backend/internal/httpapi/core.go:885
[0m[33m[93.948ms] [34;1m[rows:1][0m SELECT count(*) FROM "employees" WHERE organization_id = 'a853448f-0fe7-4fd1-b5bf-af8f6857561c' AND status = 'on_leave' AND deleted_at IS NULL
{"time":"2026-10-01T07:52:36.8186894+07:00","level":"INFO","msg":"http request","method":"GET","path":"/v1/dashboard/summary","status":200,"durationMs":2747,"requestId":"273e6499-0635-436a-ab34-13e1fea2db16"}

2026/10/01 07:52:36 [32mE:/my project/Golang/hr/hr-backend/internal/httpapi/auth.go:273
[0m[33m[92.308ms] [34;1m[rows:14][0m SELECT * FROM "permissions" WHERE "permissions"."id" IN ('bee3b15c-a1f5-4c31-8f21-52422fe1d779','6e20086b-bd5c-4d7f-89a6-b3d95ab3e7a0','d19e697a-98e2-469e-9214-a6fa30b4fd3f','b8e8b45f-aa33-4db5-b4eb-343fb2fa9b37','9812c3be-57c2-4fb2-b0dc-55de9c83c00b','2950c517-fbc0-42cc-8237-5b2189cc58fe','5c79a954-bd36-41cc-ae16-3076ca3e8a05','9af8080e-abc3-4581-8c5e-e27a863de468','d835d01b-3013-49b9-9d77-15ca14422a22','ae9af0a2-4ffe-4cd0-9933-bfa5de0e0380','384aafff-152f-4e51-8264-8c746cb8f7fc','2c591e91-f4a9-4494-9c11-4820f458f72e','8ef68b12-b306-4e05-9af4-abcf8a97e319','20fff14f-0a64-4d53-b6b8-8342d85e2c88')

2026/10/01 07:52:36 [32mE:/my project/Golang/hr/hr-backend/internal/httpapi/auth.go:273 [33mSLOW SQL >= 200ms
[0m[31;1m[488.403ms] [33m[rows:1][35m SELECT * FROM "roles" WHERE "roles"."id" = '6204ad4f-b588-49ed-9ae0-874e6e11feee'[0m

2026/10/01 07:52:36 [32mE:/my project/Golang/hr/hr-backend/internal/httpapi/auth.go:273 [33mSLOW SQL >= 200ms
[0m[31;1m[730.285ms] [33m[rows:1][35m SELECT * FROM "memberships" WHERE id = '9f6393bb-e49d-426c-bbb3-c205d01b45cc' ORDER BY "memberships"."id" LIMIT 1[0m

2026/10/01 07:52:37 [32mE:/my project/Golang/hr/hr-backend/internal/httpapi/auth.go:249
[0m[33m[164.454ms] [34;1m[rows:0][0m INSERT INTO "organizations" ("slug","name","industry","address","phone","email","timezone","locale","currency","created_at","updated_at","id") VALUES ('simpul-demo','PT Simpul Teknologi Indonesia','Teknologi Informasi & SaaS','Sopo Del Tower Lt. 18, Mega Kuningan, Jakarta Selatan','+62 21-5088-0123','ops@simpul.co.id','Asia/Jakarta','id-ID','IDR','2026-10-01 07:38:31.513','2026-10-01 07:46:46.184','a853448f-0fe7-4fd1-b5bf-af8f6857561c') ON CONFLICT DO NOTHING RETURNING "id"

2026/10/01 07:52:37 [32mE:/my project/Golang/hr/hr-backend/internal/httpapi/auth.go:278
[0m[33m[198.762ms] [34;1m[rows:1][0m UPDATE "refresh_sessions" SET "revoked_at"='2026-10-01 00:52:36.915' WHERE "id" = '238ef04a-f324-4d16-b094-c6e50fec9e41'

2026/10/01 07:52:37 [32m
[0m[33m[146.404ms] [34;1m[rows:0][0m INSERT INTO "permissions" ("key","label","description","id") VALUES ('performance.manage','Mengelola Performa','','2950c517-fbc0-42cc-8237-5b2189cc58fe'),('settings.manage','Mengelola Pengaturan','','5c79a954-bd36-41cc-ae16-3076ca3e8a05'),('support.manage','Mengelola Tiket Bantuan','','9af8080e-abc3-4581-8c5e-e27a863de468'),('employees.view','Melihat Direktori Karyawan','','d835d01b-3013-49b9-9d77-15ca14422a22'),('employees.manage','Mengelola Data Karyawan','','ae9af0a2-4ffe-4cd0-9933-bfa5de0e0380'),('attendance.manage','Mengelola Absensi dan Shift','','384aafff-152f-4e51-8264-8c746cb8f7fc'),('payroll.run','Menjalankan Payroll','','2c591e91-f4a9-4494-9c11-4820f458f72e'),('recruitment.view','Melihat Rekrutmen','','8ef68b12-b306-4e05-9af4-abcf8a97e319'),('recruitment.manage','Mengelola Rekrutmen','','20fff14f-0a64-4d53-b6b8-8342d85e2c88'),('performance.view','Melihat Performa','','bee3b15c-a1f5-4c31-8f21-52422fe1d779'),('analytics.view','Melihat Analitik','','6e20086b-bd5c-4d7f-89a6-b3d95ab3e7a0'),('attendance.view','Melihat Absensi dan Shift','','d19e697a-98e2-469e-9214-a6fa30b4fd3f'),('leave.approve','Menyetujui Cuti','','b8e8b45f-aa33-4db5-b4eb-343fb2fa9b37'),('payroll.view','Melihat Payroll','','9812c3be-57c2-4fb2-b0dc-55de9c83c00b') ON CONFLICT DO NOTHING RETURNING "id"

2026/10/01 07:52:37 [32mE:/my project/Golang/hr/hr-backend/internal/httpapi/auth.go:245
[0m[33m[178.996ms] [34;1m[rows:1][0m INSERT INTO "refresh_sessions" ("user_id","membership_id","organization_id","token_hash","expires_at","revoked_at","user_agent","ip_address","created_at") VALUES ('09947f6a-e1c8-4b63-830b-54df35d6151e','9f6393bb-e49d-426c-bbb3-c205d01b45cc','a853448f-0fe7-4fd1-b5bf-af8f6857561c','b1371f49b26cf156706b0fe48834ad12f534d622792d2cd1538e9deeb6bc7224','2026-10-31 00:52:37.177',NULL,'Mozilla/5.0 (Windows NT 10.0; Win64; x64) AppleWebKit/537.36 (KHTML, like Gecko) Chrome/153.0.8010.12 Safari/537.36','::1','2026-10-01 00:52:37.219') RETURNING "id"

2026/10/01 07:52:37 [32m
[0m[33m[129.340ms] [34;1m[rows:0][0m INSERT INTO "role_permissions" ("role_id","permission_id") VALUES ('6204ad4f-b588-49ed-9ae0-874e6e11feee','2950c517-fbc0-42cc-8237-5b2189cc58fe'),('6204ad4f-b588-49ed-9ae0-874e6e11feee','5c79a954-bd36-41cc-ae16-3076ca3e8a05'),('6204ad4f-b588-49ed-9ae0-874e6e11feee','9af8080e-abc3-4581-8c5e-e27a863de468'),('6204ad4f-b588-49ed-9ae0-874e6e11feee','d835d01b-3013-49b9-9d77-15ca14422a22'),('6204ad4f-b588-49ed-9ae0-874e6e11feee','ae9af0a2-4ffe-4cd0-9933-bfa5de0e0380'),('6204ad4f-b588-49ed-9ae0-874e6e11feee','384aafff-152f-4e51-8264-8c746cb8f7fc'),('6204ad4f-b588-49ed-9ae0-874e6e11feee','2c591e91-f4a9-4494-9c11-4820f458f72e'),('6204ad4f-b588-49ed-9ae0-874e6e11feee','8ef68b12-b306-4e05-9af4-abcf8a97e319'),('6204ad4f-b588-49ed-9ae0-874e6e11feee','20fff14f-0a64-4d53-b6b8-8342d85e2c88'),('6204ad4f-b588-49ed-9ae0-874e6e11feee','bee3b15c-a1f5-4c31-8f21-52422fe1d779'),('6204ad4f-b588-49ed-9ae0-874e6e11feee','6e20086b-bd5c-4d7f-89a6-b3d95ab3e7a0'),('6204ad4f-b588-49ed-9ae0-874e6e11feee','d19e697a-98e2-469e-9214-a6fa30b4fd3f'),('6204ad4f-b588-49ed-9ae0-874e6e11feee','b8e8b45f-aa33-4db5-b4eb-343fb2fa9b37'),('6204ad4f-b588-49ed-9ae0-874e6e11feee','9812c3be-57c2-4fb2-b0dc-55de9c83c00b') ON CONFLICT DO NOTHING RETURNING "role_id","permission_id"

2026/10/01 07:52:37 [32mE:/my project/Golang/hr/hr-backend/internal/httpapi/auth.go:249 [33mSLOW SQL >= 200ms
[0m[31;1m[522.439ms] [33m[rows:0][35m INSERT INTO "roles" ("organization_id","key","name","description","is_system","created_at","updated_at","id") VALUES ('a853448f-0fe7-4fd1-b5bf-af8f6857561c','hr_admin','HR Admin','System role hr_admin',true,'2026-10-01 07:38:33.93','2026-10-01 07:46:49.167','6204ad4f-b588-49ed-9ae0-874e6e11feee') ON CONFLICT DO NOTHING RETURNING "id"[0m

2026/10/01 07:52:37 [32mE:/my project/Golang/hr/hr-backend/internal/httpapi/auth.go:249 [33mSLOW SQL >= 200ms
[0m[31;1m[865.109ms] [33m[rows:1][35m INSERT INTO "memberships" ("organization_id","user_id","employee_id","role_id","created_at","updated_at","id") VALUES ('a853448f-0fe7-4fd1-b5bf-af8f6857561c','09947f6a-e1c8-4b63-830b-54df35d6151e','99d21239-e245-44f3-ba50-31138747118b','6204ad4f-b588-49ed-9ae0-874e6e11feee','2026-10-01 07:38:42.175','2026-10-01 07:46:57.406','9f6393bb-e49d-426c-bbb3-c205d01b45cc') ON CONFLICT ("id") DO UPDATE SET "user_id"="excluded"."user_id" RETURNING "id"[0m

2026/10/01 07:52:37 [32mE:/my project/Golang/hr/hr-backend/internal/httpapi/auth.go:249 [33mSLOW SQL >= 200ms
[0m[31;1m[1054.605ms] [33m[rows:1][35m UPDATE "users" SET "last_login_at"='2026-10-01 00:52:36.733',"updated_at"='2026-10-01 00:52:36.813' WHERE "id" = '09947f6a-e1c8-4b63-830b-54df35d6151e'[0m
{"time":"2026-10-01T07:52:37.8737822+07:00","level":"INFO","msg":"http request","method":"POST","path":"/v1/auth/login","status":200,"durationMs":5249,"requestId":"bac0ca9e-3400-4ea2-b48d-4c17a21b1021"}
{"time":"2026-10-01T07:52:37.9292+07:00","level":"INFO","msg":"http request","method":"OPTIONS","path":"","status":204,"durationMs":0,"requestId":"9f04f099-3303-46f3-935f-5ed6a02912f4"}

2026/10/01 07:52:37 [32mE:/my project/Golang/hr/hr-backend/internal/httpapi/auth.go:249 [33mSLOW SQL >= 200ms
[0m[31;1m[588.410ms] [33m[rows:1][35m UPDATE "users" SET "last_login_at"='2026-10-01 00:52:37.356',"updated_at"='2026-10-01 00:52:37.422' WHERE "id" = '09947f6a-e1c8-4b63-830b-54df35d6151e'[0m
{"time":"2026-10-01T07:52:37.9599705+07:00","level":"INFO","msg":"http request","method":"POST","path":"/v1/auth/refresh","status":200,"durationMs":2188,"requestId":"518130c3-e6a5-4e5e-854b-34a3078cd33c"}

2026/10/01 07:52:38 [32mE:/my project/Golang/hr/hr-backend/internal/httpapi/context.go:66 [33mSLOW SQL >= 200ms
[0m[31;1m[331.321ms] [33m[rows:0][35m SELECT employee_id FROM memberships WHERE id = '9f6393bb-e49d-426c-bbb3-c205d01b45cc' AND user_id = '09947f6a-e1c8-4b63-830b-54df35d6151e' AND organization_id = 'a853448f-0fe7-4fd1-b5bf-af8f6857561c'[0m
{"time":"2026-10-01T07:52:38.3036045+07:00","level":"INFO","msg":"http request","method":"OPTIONS","path":"","status":204,"durationMs":0,"requestId":"1a07efbb-f7ad-479d-99f8-20355cfb137d"}
{"time":"2026-10-01T07:52:38.6977954+07:00","level":"INFO","msg":"http request","method":"OPTIONS","path":"","status":204,"durationMs":0,"requestId":"26a6ad91-a94d-433a-aa80-9ffbd41853f2"}

2026/10/01 07:52:38 [32mE:/my project/Golang/hr/hr-backend/internal/httpapi/context.go:66 [33mSLOW SQL >= 200ms
[0m[31;1m[394.191ms] [33m[rows:0][35m SELECT employee_id FROM memberships WHERE id = '9f6393bb-e49d-426c-bbb3-c205d01b45cc' AND user_id = '09947f6a-e1c8-4b63-830b-54df35d6151e' AND organization_id = 'a853448f-0fe7-4fd1-b5bf-af8f6857561c'[0m
{"time":"2026-10-01T07:52:38.6977954+07:00","level":"INFO","msg":"http request","method":"POST","path":"/v1/realtime/tickets","status":200,"durationMs":725,"requestId":"05c09de8-701b-4902-a182-aa7a8d79350b"}
{"time":"2026-10-01T07:52:38.6977954+07:00","level":"INFO","msg":"http request","method":"OPTIONS","path":"","status":204,"durationMs":0,"requestId":"a49113b3-3813-4cd4-9e2c-0e4fb4f66c0e"}
{"time":"2026-10-01T07:52:38.7962493+07:00","level":"INFO","msg":"http request","method":"POST","path":"/v1/realtime/tickets","status":200,"durationMs":492,"requestId":"90262a1c-a54b-4f93-8dfd-ac4f5f1a96f4"}

2026/10/01 07:52:38 [32mE:/my project/Golang/hr/hr-backend/internal/httpapi/context.go:66 [33mSLOW SQL >= 200ms
[0m[31;1m[498.173ms] [33m[rows:0][35m SELECT employee_id FROM memberships WHERE id = '9f6393bb-e49d-426c-bbb3-c205d01b45cc' AND user_id = '09947f6a-e1c8-4b63-830b-54df35d6151e' AND organization_id = 'a853448f-0fe7-4fd1-b5bf-af8f6857561c'[0m

2026/10/01 07:52:38 [32mE:/my project/Golang/hr/hr-backend/internal/httpapi/context.go:66
[0m[33m[125.081ms] [34;1m[rows:0][0m SELECT employee_id FROM memberships WHERE id = '9f6393bb-e49d-426c-bbb3-c205d01b45cc' AND user_id = '09947f6a-e1c8-4b63-830b-54df35d6151e' AND organization_id = 'a853448f-0fe7-4fd1-b5bf-af8f6857561c'

2026/10/01 07:52:38 [32mE:/my project/Golang/hr/hr-backend/internal/httpapi/collaboration.go:35
[0m[33m[72.591ms] [34;1m[rows:1][0m SELECT count(*) FROM "notifications" WHERE organization_id='a853448f-0fe7-4fd1-b5bf-af8f6857561c' AND user_id='09947f6a-e1c8-4b63-830b-54df35d6151e' AND dismissed_at IS NULL

2026/10/01 07:52:38 [32mE:/my project/Golang/hr/hr-backend/internal/httpapi/core.go:857
[0m[33m[103.769ms] [34;1m[rows:1][0m SELECT count(*) FROM "employees" WHERE organization_id = 'a853448f-0fe7-4fd1-b5bf-af8f6857561c' AND status = 'active' AND deleted_at IS NULL

2026/10/01 07:52:38 [32mE:/my project/Golang/hr/hr-backend/internal/httpapi/context.go:66 [33mSLOW SQL >= 200ms
[0m[31;1m[200.725ms] [33m[rows:0][35m SELECT employee_id FROM memberships WHERE id = '9f6393bb-e49d-426c-bbb3-c205d01b45cc' AND user_id = '09947f6a-e1c8-4b63-830b-54df35d6151e' AND organization_id = 'a853448f-0fe7-4fd1-b5bf-af8f6857561c'[0m

2026/10/01 07:52:39 [32mE:/my project/Golang/hr/hr-backend/internal/httpapi/core.go:857 [33mSLOW SQL >= 200ms
[0m[31;1m[224.245ms] [33m[rows:1][35m SELECT count(*) FROM "employees" WHERE organization_id = 'a853448f-0fe7-4fd1-b5bf-af8f6857561c' AND status = 'active' AND deleted_at IS NULL[0m

2026/10/01 07:52:39 [32mE:/my project/Golang/hr/hr-backend/internal/httpapi/core.go:858 [33mSLOW SQL >= 200ms
[0m[31;1m[331.429ms] [33m[rows:1][35m SELECT count(*) FROM "leave_requests" WHERE organization_id = 'a853448f-0fe7-4fd1-b5bf-af8f6857561c' AND status = 'pending'[0m

2026/10/01 07:52:39 [32mE:/my project/Golang/hr/hr-backend/internal/httpapi/collaboration.go:36 [33mSLOW SQL >= 200ms
[0m[31;1m[331.429ms] [33m[rows:3][35m SELECT * FROM "notifications" WHERE organization_id='a853448f-0fe7-4fd1-b5bf-af8f6857561c' AND user_id='09947f6a-e1c8-4b63-830b-54df35d6151e' AND dismissed_at IS NULL ORDER BY created_at DESC LIMIT 20[0m
{"time":"2026-10-01T07:52:39.3792108+07:00","level":"INFO","msg":"http request","method":"GET","path":"/v1/notifications","status":200,"durationMs":681,"requestId":"7f6fca54-bba0-4a63-b23f-5c922c0ebc3b"}

2026/10/01 07:52:39 [32mE:/my project/Golang/hr/hr-backend/internal/httpapi/core.go:858
[0m[33m[94.162ms] [34;1m[rows:1][0m SELECT count(*) FROM "leave_requests" WHERE organization_id = 'a853448f-0fe7-4fd1-b5bf-af8f6857561c' AND status = 'pending'

2026/10/01 07:52:39 [32mE:/my project/Golang/hr/hr-backend/internal/httpapi/auth.go:262
[0m[33m[61.435ms] [34;1m[rows:1][0m SELECT * FROM "refresh_sessions" WHERE token_hash = '64387d1f587dbac21fe436a72468b474f4da236c8aee58c085d86062119011db' AND revoked_at IS NULL AND expires_at > '2026-10-01 00:52:39.348' ORDER BY "refresh_sessions"."id" LIMIT 1

2026/10/01 07:52:39 [32mE:/my project/Golang/hr/hr-backend/internal/httpapi/core.go:860 [33mSLOW SQL >= 200ms
[0m[31;1m[202.855ms] [33m[rows:1][35m SELECT * FROM "payroll_runs" WHERE organization_id = 'a853448f-0fe7-4fd1-b5bf-af8f6857561c' ORDER BY period_end DESC,"payroll_runs"."id" LIMIT 1[0m

2026/10/01 07:52:39 [32mE:/my project/Golang/hr/hr-backend/internal/httpapi/auth.go:269
[0m[33m[140.947ms] [34;1m[rows:1][0m SELECT * FROM "users" WHERE id = '09947f6a-e1c8-4b63-830b-54df35d6151e' ORDER BY "users"."id" LIMIT 1

2026/10/01 07:52:39 [32mE:/my project/Golang/hr/hr-backend/internal/httpapi/core.go:860
[0m[33m[150.432ms] [34;1m[rows:1][0m SELECT * FROM "payroll_runs" WHERE organization_id = 'a853448f-0fe7-4fd1-b5bf-af8f6857561c' ORDER BY period_end DESC,"payroll_runs"."id" LIMIT 1

2026/10/01 07:52:39 [32mE:/my project/Golang/hr/hr-backend/internal/httpapi/core.go:867
[0m[33m[69.979ms] [34;1m[rows:5][0m SELECT date, COUNT(*) FILTER (WHERE status IN ('present','late')) AS attendance, COALESCE(SUM(overtime_minutes),0) AS overtime FROM attendances WHERE organization_id = 'a853448f-0fe7-4fd1-b5bf-af8f6857561c' AND date >= CURRENT_DATE - INTERVAL '6 days' GROUP BY date ORDER BY date

2026/10/01 07:52:39 [32mE:/my project/Golang/hr/hr-backend/internal/httpapi/core.go:867 [33mSLOW SQL >= 200ms
[0m[31;1m[203.597ms] [33m[rows:5][35m SELECT date, COUNT(*) FILTER (WHERE status IN ('present','late')) AS attendance, COALESCE(SUM(overtime_minutes),0) AS overtime FROM attendances WHERE organization_id = 'a853448f-0fe7-4fd1-b5bf-af8f6857561c' AND date >= CURRENT_DATE - INTERVAL '6 days' GROUP BY date ORDER BY date[0m

2026/10/01 07:52:39 [32mE:/my project/Golang/hr/hr-backend/internal/httpapi/operations.go:48
[0m[33m[132.617ms] [34;1m[rows:1][0m SELECT "timezone" FROM "organizations" WHERE id = 'a853448f-0fe7-4fd1-b5bf-af8f6857561c'

2026/10/01 07:52:39 [32mE:/my project/Golang/hr/hr-backend/internal/httpapi/operations.go:48
[0m[33m[136.681ms] [34;1m[rows:1][0m SELECT "timezone" FROM "organizations" WHERE id = 'a853448f-0fe7-4fd1-b5bf-af8f6857561c'

2026/10/01 07:52:40 [32mE:/my project/Golang/hr/hr-backend/internal/httpapi/core.go:896 [33mSLOW SQL >= 200ms
[0m[31;1m[256.776ms] [33m[rows:0][35m SELECT "attention_key" FROM "attention_dismissals" WHERE organization_id = 'a853448f-0fe7-4fd1-b5bf-af8f6857561c' AND user_id = '09947f6a-e1c8-4b63-830b-54df35d6151e'[0m

2026/10/01 07:52:40 [32mE:/my project/Golang/hr/hr-backend/internal/httpapi/core.go:903
[0m[33m[118.301ms] [34;1m[rows:1][0m SELECT count(*) FROM "employees" WHERE organization_id = 'a853448f-0fe7-4fd1-b5bf-af8f6857561c' AND end_date BETWEEN CURRENT_DATE AND CURRENT_DATE + INTERVAL '30 days'

2026/10/01 07:52:40 [32mE:/my project/Golang/hr/hr-backend/internal/httpapi/core.go:896 [33mSLOW SQL >= 200ms
[0m[31;1m[280.105ms] [33m[rows:0][35m SELECT "attention_key" FROM "attention_dismissals" WHERE organization_id = 'a853448f-0fe7-4fd1-b5bf-af8f6857561c' AND user_id = '09947f6a-e1c8-4b63-830b-54df35d6151e'[0m

2026/10/01 07:52:40 [32mE:/my project/Golang/hr/hr-backend/internal/httpapi/auth.go:273 [33mSLOW SQL >= 200ms
[0m[31;1m[550.918ms] [33m[rows:1][35m SELECT * FROM "organizations" WHERE "organizations"."id" = 'a853448f-0fe7-4fd1-b5bf-af8f6857561c'[0m

2026/10/01 07:52:40 [32mE:/my project/Golang/hr/hr-backend/internal/httpapi/core.go:908
[0m[33m[61.315ms] [34;1m[rows:1][0m SELECT count(*) FROM "leave_requests" WHERE organization_id = 'a853448f-0fe7-4fd1-b5bf-af8f6857561c' AND status = 'pending'

2026/10/01 07:52:40 [32mE:/my project/Golang/hr/hr-backend/internal/httpapi/core.go:903
[0m[33m[67.702ms] [34;1m[rows:1][0m SELECT count(*) FROM "employees" WHERE organization_id = 'a853448f-0fe7-4fd1-b5bf-af8f6857561c' AND end_date BETWEEN CURRENT_DATE AND CURRENT_DATE + INTERVAL '30 days'

2026/10/01 07:52:40 [32mE:/my project/Golang/hr/hr-backend/internal/httpapi/core.go:883
[0m[33m[65.729ms] [34;1m[rows:1][0m SELECT count(*) FROM "employees" WHERE organization_id = 'a853448f-0fe7-4fd1-b5bf-af8f6857561c' AND deleted_at IS NULL AND hire_date >= date_trunc('month', CURRENT_DATE)
{"time":"2026-10-01T07:52:40.4523328+07:00","level":"INFO","msg":"http request","method":"POST","path":"/v1/auth/refresh","status":401,"durationMs":0,"requestId":"a165266f-0f5f-46fc-862d-6c3e72f602b2"}

2026/10/01 07:52:40 [32mE:/my project/Golang/hr/hr-backend/internal/httpapi/core.go:908
[0m[33m[64.115ms] [34;1m[rows:1][0m SELECT count(*) FROM "leave_requests" WHERE organization_id = 'a853448f-0fe7-4fd1-b5bf-af8f6857561c' AND status = 'pending'

2026/10/01 07:52:40 [32mE:/my project/Golang/hr/hr-backend/internal/httpapi/core.go:884
[0m[33m[77.802ms] [34;1m[rows:1][0m SELECT count(*) FROM "departments" WHERE organization_id = 'a853448f-0fe7-4fd1-b5bf-af8f6857561c'

2026/10/01 07:52:40 [32mE:/my project/Golang/hr/hr-backend/internal/httpapi/core.go:883
[0m[33m[93.230ms] [34;1m[rows:1][0m SELECT count(*) FROM "employees" WHERE organization_id = 'a853448f-0fe7-4fd1-b5bf-af8f6857561c' AND deleted_at IS NULL AND hire_date >= date_trunc('month', CURRENT_DATE)

2026/10/01 07:52:40 [32mE:/my project/Golang/hr/hr-backend/internal/httpapi/auth.go:273
[0m[33m[131.953ms] [34;1m[rows:14][0m SELECT * FROM "role_permissions" WHERE "role_permissions"."role_id" = '6204ad4f-b588-49ed-9ae0-874e6e11feee'

2026/10/01 07:52:40 [32mE:/my project/Golang/hr/hr-backend/internal/httpapi/core.go:885
[0m[33m[189.923ms] [34;1m[rows:1][0m SELECT count(*) FROM "employees" WHERE organization_id = 'a853448f-0fe7-4fd1-b5bf-af8f6857561c' AND status = 'on_leave' AND deleted_at IS NULL
{"time":"2026-10-01T07:52:40.7602941+07:00","level":"INFO","msg":"http request","method":"GET","path":"/v1/dashboard/summary","status":200,"durationMs":2057,"requestId":"a795da41-ee2c-4835-bf2b-56c541b38cf8"}

2026/10/01 07:52:40 [32mE:/my project/Golang/hr/hr-backend/internal/httpapi/core.go:884
[0m[33m[66.108ms] [34;1m[rows:1][0m SELECT count(*) FROM "departments" WHERE organization_id = 'a853448f-0fe7-4fd1-b5bf-af8f6857561c'

2026/10/01 07:52:40 [32mE:/my project/Golang/hr/hr-backend/internal/httpapi/core.go:885
[0m[33m[135.457ms] [34;1m[rows:1][0m SELECT count(*) FROM "employees" WHERE organization_id = 'a853448f-0fe7-4fd1-b5bf-af8f6857561c' AND status = 'on_leave' AND deleted_at IS NULL
{"time":"2026-10-01T07:52:40.9206265+07:00","level":"INFO","msg":"http request","method":"GET","path":"/v1/dashboard/summary","status":200,"durationMs":2617,"requestId":"a7121ef6-8353-41d3-a8f1-9f374f8abe53"}

2026/10/01 07:52:40 [32mE:/my project/Golang/hr/hr-backend/internal/httpapi/auth.go:273 [33mSLOW SQL >= 200ms
[0m[31;1m[211.704ms] [33m[rows:14][35m SELECT * FROM "permissions" WHERE "permissions"."id" IN ('bee3b15c-a1f5-4c31-8f21-52422fe1d779','6e20086b-bd5c-4d7f-89a6-b3d95ab3e7a0','d19e697a-98e2-469e-9214-a6fa30b4fd3f','b8e8b45f-aa33-4db5-b4eb-343fb2fa9b37','9812c3be-57c2-4fb2-b0dc-55de9c83c00b','2950c517-fbc0-42cc-8237-5b2189cc58fe','5c79a954-bd36-41cc-ae16-3076ca3e8a05','9af8080e-abc3-4581-8c5e-e27a863de468','d835d01b-3013-49b9-9d77-15ca14422a22','ae9af0a2-4ffe-4cd0-9933-bfa5de0e0380','384aafff-152f-4e51-8264-8c746cb8f7fc','2c591e91-f4a9-4494-9c11-4820f458f72e','8ef68b12-b306-4e05-9af4-abcf8a97e319','20fff14f-0a64-4d53-b6b8-8342d85e2c88')[0m

2026/10/01 07:52:40 [32mE:/my project/Golang/hr/hr-backend/internal/httpapi/auth.go:273 [33mSLOW SQL >= 200ms
[0m[31;1m[626.332ms] [33m[rows:1][35m SELECT * FROM "roles" WHERE "roles"."id" = '6204ad4f-b588-49ed-9ae0-874e6e11feee'[0m

2026/10/01 07:52:40 [32mE:/my project/Golang/hr/hr-backend/internal/httpapi/auth.go:273 [33mSLOW SQL >= 200ms
[0m[31;1m[1421.673ms] [33m[rows:1][35m SELECT * FROM "memberships" WHERE id = '9f6393bb-e49d-426c-bbb3-c205d01b45cc' ORDER BY "memberships"."id" LIMIT 1[0m

2026/10/01 07:52:41 [32mE:/my project/Golang/hr/hr-backend/internal/httpapi/auth.go:278 [33mSLOW SQL >= 200ms
[0m[31;1m[420.421ms] [33m[rows:1][35m UPDATE "refresh_sessions" SET "revoked_at"='2026-10-01 00:52:40.974' WHERE "id" = 'cb0365e4-5e08-4a4e-9d68-fcbd2eece3ab'[0m
{"time":"2026-10-01T07:52:41.6848374+07:00","level":"INFO","msg":"http request","method":"OPTIONS","path":"","status":204,"durationMs":0,"requestId":"b09f0e52-96ce-4b87-a325-55c9717d25ef"}

2026/10/01 07:52:42 [32mE:/my project/Golang/hr/hr-backend/internal/httpapi/auth.go:245 [33mSLOW SQL >= 200ms
[0m[31;1m[537.746ms] [33m[rows:1][35m INSERT INTO "refresh_sessions" ("user_id","membership_id","organization_id","token_hash","expires_at","revoked_at","user_agent","ip_address","created_at") VALUES ('09947f6a-e1c8-4b63-830b-54df35d6151e','9f6393bb-e49d-426c-bbb3-c205d01b45cc','a853448f-0fe7-4fd1-b5bf-af8f6857561c','b9c75f8af7b089e6cdae70eb76b72cf198f22926a1fc9137b4832d7231a8b288','2026-10-31 00:52:41.51',NULL,'Mozilla/5.0 (Windows NT 10.0; Win64; x64) AppleWebKit/537.36 (KHTML, like Gecko) Chrome/153.0.8010.12 Safari/537.36','::1','2026-10-01 00:52:41.697') RETURNING "id"[0m

2026/10/01 07:52:42 [32mE:/my project/Golang/hr/hr-backend/internal/httpapi/auth.go:249 [33mSLOW SQL >= 200ms
[0m[31;1m[262.539ms] [33m[rows:1][35m UPDATE "users" SET "last_login_at"='2026-10-01 00:52:42.049',"updated_at"='2026-10-01 00:52:42.159' WHERE "id" = '09947f6a-e1c8-4b63-830b-54df35d6151e'[0m
{"time":"2026-10-01T07:52:42.3138366+07:00","level":"INFO","msg":"http request","method":"POST","path":"/v1/auth/refresh","status":200,"durationMs":2965,"requestId":"f2c2b403-e20c-4722-b8cf-d857196ff8db"}

2026/10/01 07:52:42 [32mE:/my project/Golang/hr/hr-backend/internal/httpapi/auth.go:40
[0m[33m[86.074ms] [34;1m[rows:1][0m SELECT * FROM "organizations" WHERE "organizations"."id" = 'a853448f-0fe7-4fd1-b5bf-af8f6857561c'
{"time":"2026-10-01T07:52:42.452345+07:00","level":"INFO","msg":"http request","method":"OPTIONS","path":"","status":204,"durationMs":0,"requestId":"95a62e6b-147e-419c-a941-b7abd4563a8d"}
{"time":"2026-10-01T07:52:42.452345+07:00","level":"INFO","msg":"http request","method":"OPTIONS","path":"","status":204,"durationMs":0,"requestId":"f323ee76-12d9-4c8b-bbb0-4c887992400f"}
{"time":"2026-10-01T07:52:42.452345+07:00","level":"INFO","msg":"http request","method":"OPTIONS","path":"","status":204,"durationMs":0,"requestId":"2d75b58c-48a6-44ed-9948-2b7c5b6f69e3"}

2026/10/01 07:52:42 [32mE:/my project/Golang/hr/hr-backend/internal/httpapi/context.go:66
[0m[33m[116.898ms] [34;1m[rows:0][0m SELECT employee_id FROM memberships WHERE id = '9f6393bb-e49d-426c-bbb3-c205d01b45cc' AND user_id = '09947f6a-e1c8-4b63-830b-54df35d6151e' AND organization_id = 'a853448f-0fe7-4fd1-b5bf-af8f6857561c'
{"time":"2026-10-01T07:52:42.6260147+07:00","level":"INFO","msg":"http request","method":"POST","path":"/v1/realtime/tickets","status":200,"durationMs":212,"requestId":"444b56d2-fb60-42f0-bd72-ea12f1da6bd7"}

2026/10/01 07:52:42 [32mE:/my project/Golang/hr/hr-backend/internal/httpapi/context.go:66
[0m[33m[138.833ms] [34;1m[rows:0][0m SELECT employee_id FROM memberships WHERE id = '9f6393bb-e49d-426c-bbb3-c205d01b45cc' AND user_id = '09947f6a-e1c8-4b63-830b-54df35d6151e' AND organization_id = 'a853448f-0fe7-4fd1-b5bf-af8f6857561c'

2026/10/01 07:52:42 [32mE:/my project/Golang/hr/hr-backend/internal/httpapi/context.go:66
[0m[33m[151.211ms] [34;1m[rows:0][0m SELECT employee_id FROM memberships WHERE id = '9f6393bb-e49d-426c-bbb3-c205d01b45cc' AND user_id = '09947f6a-e1c8-4b63-830b-54df35d6151e' AND organization_id = 'a853448f-0fe7-4fd1-b5bf-af8f6857561c'

2026/10/01 07:52:42 [32mE:/my project/Golang/hr/hr-backend/internal/httpapi/context.go:66
[0m[33m[165.392ms] [34;1m[rows:0][0m SELECT employee_id FROM memberships WHERE id = '9f6393bb-e49d-426c-bbb3-c205d01b45cc' AND user_id = '09947f6a-e1c8-4b63-830b-54df35d6151e' AND organization_id = 'a853448f-0fe7-4fd1-b5bf-af8f6857561c'

2026/10/01 07:52:42 [32mE:/my project/Golang/hr/hr-backend/internal/httpapi/context.go:66 [33mSLOW SQL >= 200ms
[0m[31;1m[264.089ms] [33m[rows:0][35m SELECT employee_id FROM memberships WHERE id = '9f6393bb-e49d-426c-bbb3-c205d01b45cc' AND user_id = '09947f6a-e1c8-4b63-830b-54df35d6151e' AND organization_id = 'a853448f-0fe7-4fd1-b5bf-af8f6857561c'[0m

2026/10/01 07:52:42 [32mE:/my project/Golang/hr/hr-backend/internal/httpapi/core.go:408
[0m[33m[71.289ms] [34;1m[rows:1][0m SELECT count(*) FROM "employees" WHERE employees.organization_id = 'a853448f-0fe7-4fd1-b5bf-af8f6857561c' AND employees.deleted_at IS NULL

2026/10/01 07:52:42 [32m [33mSLOW SQL >= 200ms
[0m[31;1m[280.519ms] [33m[rows:14][35m SELECT * FROM "role_permissions" WHERE "role_permissions"."role_id" = '6204ad4f-b588-49ed-9ae0-874e6e11feee'[0m

2026/10/01 07:52:43 [32mE:/my project/Golang/hr/hr-backend/internal/httpapi/collaboration.go:35
[0m[33m[110.150ms] [34;1m[rows:1][0m SELECT count(*) FROM "notifications" WHERE organization_id='a853448f-0fe7-4fd1-b5bf-af8f6857561c' AND user_id='09947f6a-e1c8-4b63-830b-54df35d6151e' AND dismissed_at IS NULL

2026/10/01 07:52:43 [32mE:/my project/Golang/hr/hr-backend/internal/httpapi/core.go:257 [33mSLOW SQL >= 200ms
[0m[31;1m[220.799ms] [33m[rows:4][35m SELECT * FROM "departments" WHERE organization_id = 'a853448f-0fe7-4fd1-b5bf-af8f6857561c' ORDER BY name[0m

2026/10/01 07:52:43 [32m
[0m[33m[140.206ms] [34;1m[rows:14][0m SELECT * FROM "permissions" WHERE "permissions"."id" IN ('bee3b15c-a1f5-4c31-8f21-52422fe1d779','6e20086b-bd5c-4d7f-89a6-b3d95ab3e7a0','d19e697a-98e2-469e-9214-a6fa30b4fd3f','b8e8b45f-aa33-4db5-b4eb-343fb2fa9b37','9812c3be-57c2-4fb2-b0dc-55de9c83c00b','2950c517-fbc0-42cc-8237-5b2189cc58fe','5c79a954-bd36-41cc-ae16-3076ca3e8a05','9af8080e-abc3-4581-8c5e-e27a863de468','d835d01b-3013-49b9-9d77-15ca14422a22','ae9af0a2-4ffe-4cd0-9933-bfa5de0e0380','384aafff-152f-4e51-8264-8c746cb8f7fc','2c591e91-f4a9-4494-9c11-4820f458f72e','8ef68b12-b306-4e05-9af4-abcf8a97e319','20fff14f-0a64-4d53-b6b8-8342d85e2c88')

2026/10/01 07:52:43 [32mE:/my project/Golang/hr/hr-backend/internal/httpapi/auth.go:40 [33mSLOW SQL >= 200ms
[0m[31;1m[819.983ms] [33m[rows:1][35m SELECT * FROM "roles" WHERE "roles"."id" = '6204ad4f-b588-49ed-9ae0-874e6e11feee'[0m

2026/10/01 07:52:43 [32mE:/my project/Golang/hr/hr-backend/internal/httpapi/auth.go:40 [33mSLOW SQL >= 200ms
[0m[31;1m[1103.554ms] [33m[rows:1][35m SELECT * FROM "memberships" WHERE "memberships"."user_id" = '09947f6a-e1c8-4b63-830b-54df35d6151e'[0m

2026/10/01 07:52:43 [32mE:/my project/Golang/hr/hr-backend/internal/httpapi/auth.go:40 [33mSLOW SQL >= 200ms
[0m[31;1m[1353.039ms] [33m[rows:1][35m SELECT * FROM "users" WHERE lower(email) = 'sarah@simpul.co.id' ORDER BY "users"."id" LIMIT 1[0m

2026/10/01 07:52:43 [32mE:/my project/Golang/hr/hr-backend/internal/httpapi/collaboration.go:36
[0m[33m[138.407ms] [34;1m[rows:3][0m SELECT * FROM "notifications" WHERE organization_id='a853448f-0fe7-4fd1-b5bf-af8f6857561c' AND user_id='09947f6a-e1c8-4b63-830b-54df35d6151e' AND dismissed_at IS NULL ORDER BY created_at DESC LIMIT 20
{"time":"2026-10-01T07:52:43.279776+07:00","level":"INFO","msg":"http request","method":"GET","path":"/v1/notifications","status":200,"durationMs":827,"requestId":"7e411e29-bdbc-4ede-af11-ec8532635fa7"}

2026/10/01 07:52:43 [32mE:/my project/Golang/hr/hr-backend/internal/httpapi/core.go:342
[0m[33m[170.108ms] [34;1m[rows:4][0m SELECT * FROM "departments" WHERE "departments"."id" IN ('30bb9633-cd4d-486e-a539-f4a0832bdc12','ef1eb843-2735-4430-85a2-58574ace53db','bc32b8ee-da52-4a01-8bd1-23d42a767387','97c6c5df-092e-4595-9cc9-0a4f87ca7ceb')

2026/10/01 07:52:43 [32mE:/my project/Golang/hr/hr-backend/internal/httpapi/core.go:342 [33mSLOW SQL >= 200ms
[0m[31;1m[360.933ms] [33m[rows:6][35m SELECT * FROM "positions" WHERE positions.organization_id = 'a853448f-0fe7-4fd1-b5bf-af8f6857561c' ORDER BY title[0m
{"time":"2026-10-01T07:52:43.3667122+07:00","level":"INFO","msg":"http request","method":"GET","path":"/v1/positions","status":200,"durationMs":898,"requestId":"22556ae9-9567-44b9-91d3-57a6bc531024"}

2026/10/01 07:52:43 [32mE:/my project/Golang/hr/hr-backend/internal/httpapi/core.go:262 [33mSLOW SQL >= 200ms
[0m[31;1m[229.086ms] [33m[rows:1][35m SELECT count(*) FROM "employees" WHERE organization_id = 'a853448f-0fe7-4fd1-b5bf-af8f6857561c' AND department_id = 'bc32b8ee-da52-4a01-8bd1-23d42a767387' AND deleted_at IS NULL[0m

2026/10/01 07:52:43 [32mE:/my project/Golang/hr/hr-backend/internal/httpapi/core.go:262
[0m[33m[54.788ms] [34;1m[rows:1][0m SELECT count(*) FROM "employees" WHERE organization_id = 'a853448f-0fe7-4fd1-b5bf-af8f6857561c' AND department_id = 'ef1eb843-2735-4430-85a2-58574ace53db' AND deleted_at IS NULL

2026/10/01 07:52:43 [32mE:/my project/Golang/hr/hr-backend/internal/httpapi/core.go:412
[0m[33m[174.564ms] [34;1m[rows:9][0m SELECT * FROM "compensations" WHERE "compensations"."employee_id" IN ('507600c3-5458-47c9-8c05-3f07a3b6ec88','dba909c3-c84f-4991-86fe-5861fa435639','ff42d55b-eef0-4536-98bc-5b35b2c5cf42','c666d592-996b-40da-b808-3babfb3efc9d','1aeec27e-8ffe-4352-8fc0-621cb3c145b4','ab1ba340-e555-45db-8360-5020f4f7c982','df62d62f-b0d3-42e8-b742-b6001c2643b7','99d21239-e245-44f3-ba50-31138747118b','ef82bfc0-7975-45f3-8c36-e2ee4282a961')

2026/10/01 07:52:43 [32mE:/my project/Golang/hr/hr-backend/internal/httpapi/core.go:262
[0m[33m[92.157ms] [34;1m[rows:1][0m SELECT count(*) FROM "employees" WHERE organization_id = 'a853448f-0fe7-4fd1-b5bf-af8f6857561c' AND department_id = '97c6c5df-092e-4595-9cc9-0a4f87ca7ceb' AND deleted_at IS NULL

2026/10/01 07:52:43 [32mE:/my project/Golang/hr/hr-backend/internal/httpapi/core.go:412 [33mSLOW SQL >= 200ms
[0m[31;1m[265.398ms] [33m[rows:4][35m SELECT * FROM "departments" WHERE "departments"."id" IN ('ef1eb843-2735-4430-85a2-58574ace53db','97c6c5df-092e-4595-9cc9-0a4f87ca7ceb','30bb9633-cd4d-486e-a539-f4a0832bdc12','bc32b8ee-da52-4a01-8bd1-23d42a767387')[0m

2026/10/01 07:52:44 [32mE:/my project/Golang/hr/hr-backend/internal/httpapi/core.go:262 [33mSLOW SQL >= 200ms
[0m[31;1m[425.380ms] [33m[rows:1][35m SELECT count(*) FROM "employees" WHERE organization_id = 'a853448f-0fe7-4fd1-b5bf-af8f6857561c' AND department_id = '30bb9633-cd4d-486e-a539-f4a0832bdc12' AND deleted_at IS NULL[0m
{"time":"2026-10-01T07:52:44.0544205+07:00","level":"INFO","msg":"http request","method":"GET","path":"/v1/departments","status":200,"durationMs":1572,"requestId":"56b3aa21-82d3-470f-a92b-90ce13484837"}

2026/10/01 07:52:44 [32mE:/my project/Golang/hr/hr-backend/internal/httpapi/core.go:412
[0m[33m[167.765ms] [34;1m[rows:3][0m SELECT * FROM "employees" WHERE "employees"."id" IN ('ff42d55b-eef0-4536-98bc-5b35b2c5cf42','c666d592-996b-40da-b808-3babfb3efc9d','df62d62f-b0d3-42e8-b742-b6001c2643b7')

2026/10/01 07:52:44 [32mE:/my project/Golang/hr/hr-backend/internal/httpapi/core.go:412
[0m[33m[93.276ms] [34;1m[rows:6][0m SELECT * FROM "positions" WHERE "positions"."id" IN ('97ff9903-45e2-4bc5-99f3-7966b794846b','b2fe25f7-5839-4f4e-8f70-55b33e742ffe','1852a8a2-7a82-49ac-8f16-9ed5a646c374','48a7d347-22be-4c0e-b24c-f2519aefc4a2','42888e9e-7b3e-4655-a22a-279061ae192d','f4cce7ba-2b29-4730-963f-73177b188f1d')

2026/10/01 07:52:44 [32mE:/my project/Golang/hr/hr-backend/internal/httpapi/core.go:412 [33mSLOW SQL >= 200ms
[0m[31;1m[1238.263ms] [33m[rows:9][35m SELECT * FROM "employees" WHERE employees.organization_id = 'a853448f-0fe7-4fd1-b5bf-af8f6857561c' AND employees.deleted_at IS NULL ORDER BY full_name LIMIT 100[0m

2026/10/01 07:52:44 [32mE:/my project/Golang/hr/hr-backend/internal/httpapi/auth.go:245 [33mSLOW SQL >= 200ms
[0m[31;1m[258.220ms] [33m[rows:1][35m INSERT INTO "refresh_sessions" ("user_id","membership_id","organization_id","token_hash","expires_at","revoked_at","user_agent","ip_address","created_at") VALUES ('09947f6a-e1c8-4b63-830b-54df35d6151e','9f6393bb-e49d-426c-bbb3-c205d01b45cc','a853448f-0fe7-4fd1-b5bf-af8f6857561c','db64e24dca3da8120f457652a36e311ea8976a871acf297aa10651896d036b04','2026-10-31 00:52:43.933',NULL,'Mozilla/5.0 (Windows NT 10.0; Win64; x64) AppleWebKit/537.36 (KHTML, like Gecko) Chrome/153.0.8010.12 Safari/537.36','::1','2026-10-01 00:52:44.01') RETURNING "id"[0m
{"time":"2026-10-01T07:52:44.2384127+07:00","level":"INFO","msg":"http request","method":"GET","path":"/v1/employees","status":200,"durationMs":1744,"requestId":"a12695cf-9cb4-4f16-8d21-22346f62be87"}

2026/10/01 07:52:44 [32mE:/my project/Golang/hr/hr-backend/internal/httpapi/auth.go:249
[0m[33m[118.341ms] [34;1m[rows:0][0m INSERT INTO "organizations" ("slug","name","industry","address","phone","email","timezone","locale","currency","created_at","updated_at","id") VALUES ('simpul-demo','PT Simpul Teknologi Indonesia','Teknologi Informasi & SaaS','Sopo Del Tower Lt. 18, Mega Kuningan, Jakarta Selatan','+62 21-5088-0123','ops@simpul.co.id','Asia/Jakarta','id-ID','IDR','2026-10-01 07:38:31.513','2026-10-01 07:46:46.184','a853448f-0fe7-4fd1-b5bf-af8f6857561c') ON CONFLICT DO NOTHING RETURNING "id"
{"time":"2026-10-01T07:52:44.9416791+07:00","level":"INFO","msg":"http request","method":"POST","path":"/v1/auth/refresh","status":401,"durationMs":0,"requestId":"5d349d1a-421d-4119-980c-352fd38726e1"}

2026/10/01 07:52:45 [32m [33mSLOW SQL >= 200ms
[0m[31;1m[251.478ms] [33m[rows:0][35m INSERT INTO "permissions" ("key","label","description","id") VALUES ('performance.manage','Mengelola Performa','','2950c517-fbc0-42cc-8237-5b2189cc58fe'),('settings.manage','Mengelola Pengaturan','','5c79a954-bd36-41cc-ae16-3076ca3e8a05'),('support.manage','Mengelola Tiket Bantuan','','9af8080e-abc3-4581-8c5e-e27a863de468'),('employees.view','Melihat Direktori Karyawan','','d835d01b-3013-49b9-9d77-15ca14422a22'),('employees.manage','Mengelola Data Karyawan','','ae9af0a2-4ffe-4cd0-9933-bfa5de0e0380'),('attendance.manage','Mengelola Absensi dan Shift','','384aafff-152f-4e51-8264-8c746cb8f7fc'),('payroll.run','Menjalankan Payroll','','2c591e91-f4a9-4494-9c11-4820f458f72e'),('recruitment.view','Melihat Rekrutmen','','8ef68b12-b306-4e05-9af4-abcf8a97e319'),('recruitment.manage','Mengelola Rekrutmen','','20fff14f-0a64-4d53-b6b8-8342d85e2c88'),('performance.view','Melihat Performa','','bee3b15c-a1f5-4c31-8f21-52422fe1d779'),('analytics.view','Melihat Analitik','','6e20086b-bd5c-4d7f-89a6-b3d95ab3e7a0'),('attendance.view','Melihat Absensi dan Shift','','d19e697a-98e2-469e-9214-a6fa30b4fd3f'),('leave.approve','Menyetujui Cuti','','b8e8b45f-aa33-4db5-b4eb-343fb2fa9b37'),('payroll.view','Melihat Payroll','','9812c3be-57c2-4fb2-b0dc-55de9c83c00b') ON CONFLICT DO NOTHING RETURNING "id"[0m

2026/10/01 07:52:45 [32m
[0m[33m[56.146ms] [34;1m[rows:0][0m INSERT INTO "role_permissions" ("role_id","permission_id") VALUES ('6204ad4f-b588-49ed-9ae0-874e6e11feee','2950c517-fbc0-42cc-8237-5b2189cc58fe'),('6204ad4f-b588-49ed-9ae0-874e6e11feee','5c79a954-bd36-41cc-ae16-3076ca3e8a05'),('6204ad4f-b588-49ed-9ae0-874e6e11feee','9af8080e-abc3-4581-8c5e-e27a863de468'),('6204ad4f-b588-49ed-9ae0-874e6e11feee','d835d01b-3013-49b9-9d77-15ca14422a22'),('6204ad4f-b588-49ed-9ae0-874e6e11feee','ae9af0a2-4ffe-4cd0-9933-bfa5de0e0380'),('6204ad4f-b588-49ed-9ae0-874e6e11feee','384aafff-152f-4e51-8264-8c746cb8f7fc'),('6204ad4f-b588-49ed-9ae0-874e6e11feee','2c591e91-f4a9-4494-9c11-4820f458f72e'),('6204ad4f-b588-49ed-9ae0-874e6e11feee','8ef68b12-b306-4e05-9af4-abcf8a97e319'),('6204ad4f-b588-49ed-9ae0-874e6e11feee','20fff14f-0a64-4d53-b6b8-8342d85e2c88'),('6204ad4f-b588-49ed-9ae0-874e6e11feee','bee3b15c-a1f5-4c31-8f21-52422fe1d779'),('6204ad4f-b588-49ed-9ae0-874e6e11feee','6e20086b-bd5c-4d7f-89a6-b3d95ab3e7a0'),('6204ad4f-b588-49ed-9ae0-874e6e11feee','d19e697a-98e2-469e-9214-a6fa30b4fd3f'),('6204ad4f-b588-49ed-9ae0-874e6e11feee','b8e8b45f-aa33-4db5-b4eb-343fb2fa9b37'),('6204ad4f-b588-49ed-9ae0-874e6e11feee','9812c3be-57c2-4fb2-b0dc-55de9c83c00b') ON CONFLICT DO NOTHING RETURNING "role_id","permission_id"

2026/10/01 07:52:45 [32mE:/my project/Golang/hr/hr-backend/internal/httpapi/auth.go:249 [33mSLOW SQL >= 200ms
[0m[31;1m[401.057ms] [33m[rows:0][35m INSERT INTO "roles" ("organization_id","key","name","description","is_system","created_at","updated_at","id") VALUES ('a853448f-0fe7-4fd1-b5bf-af8f6857561c','hr_admin','HR Admin','System role hr_admin',true,'2026-10-01 07:38:33.93','2026-10-01 07:46:49.167','6204ad4f-b588-49ed-9ae0-874e6e11feee') ON CONFLICT DO NOTHING RETURNING "id"[0m

2026/10/01 07:52:45 [32mE:/my project/Golang/hr/hr-backend/internal/httpapi/auth.go:249 [33mSLOW SQL >= 200ms
[0m[31;1m[719.132ms] [33m[rows:1][35m INSERT INTO "memberships" ("organization_id","user_id","employee_id","role_id","created_at","updated_at","id") VALUES ('a853448f-0fe7-4fd1-b5bf-af8f6857561c','09947f6a-e1c8-4b63-830b-54df35d6151e','99d21239-e245-44f3-ba50-31138747118b','6204ad4f-b588-49ed-9ae0-874e6e11feee','2026-10-01 07:38:42.175','2026-10-01 07:46:57.406','9f6393bb-e49d-426c-bbb3-c205d01b45cc') ON CONFLICT ("id") DO UPDATE SET "user_id"="excluded"."user_id" RETURNING "id"[0m

2026/10/01 07:52:45 [32mE:/my project/Golang/hr/hr-backend/internal/httpapi/auth.go:249 [33mSLOW SQL >= 200ms
[0m[31;1m[1269.433ms] [33m[rows:1][35m UPDATE "users" SET "last_login_at"='2026-10-01 00:52:44.281',"updated_at"='2026-10-01 00:52:44.442' WHERE "id" = '09947f6a-e1c8-4b63-830b-54df35d6151e'[0m
{"time":"2026-10-01T07:52:45.5528097+07:00","level":"INFO","msg":"http request","method":"POST","path":"/v1/auth/login","status":200,"durationMs":3865,"requestId":"6b1c520b-f927-4a0d-a7ea-9acdbebc6820"}
{"time":"2026-10-01T07:52:45.5618017+07:00","level":"INFO","msg":"http request","method":"OPTIONS","path":"","status":204,"durationMs":0,"requestId":"109dde17-08c2-4c42-b083-8c887e469fda"}
{"time":"2026-10-01T07:52:45.7411531+07:00","level":"INFO","msg":"http request","method":"OPTIONS","path":"","status":204,"durationMs":0,"requestId":"0570bb86-b224-46c3-9cf8-e89272609212"}

2026/10/01 07:52:45 [32mE:/my project/Golang/hr/hr-backend/internal/httpapi/context.go:66
[0m[33m[156.769ms] [34;1m[rows:0][0m SELECT employee_id FROM memberships WHERE id = '9f6393bb-e49d-426c-bbb3-c205d01b45cc' AND user_id = '09947f6a-e1c8-4b63-830b-54df35d6151e' AND organization_id = 'a853448f-0fe7-4fd1-b5bf-af8f6857561c'
{"time":"2026-10-01T07:52:46.1753946+07:00","level":"INFO","msg":"http request","method":"OPTIONS","path":"","status":204,"durationMs":0,"requestId":"51b70303-c17b-484b-9d36-13f930eafa96"}
{"time":"2026-10-01T07:52:46.1753946+07:00","level":"INFO","msg":"http request","method":"OPTIONS","path":"","status":204,"durationMs":0,"requestId":"e4c399be-1073-4f3f-8e8f-d2ed3d4f614b"}

2026/10/01 07:52:46 [32mE:/my project/Golang/hr/hr-backend/internal/httpapi/context.go:66
[0m[33m[82.182ms] [34;1m[rows:0][0m SELECT employee_id FROM memberships WHERE id = '9f6393bb-e49d-426c-bbb3-c205d01b45cc' AND user_id = '09947f6a-e1c8-4b63-830b-54df35d6151e' AND organization_id = 'a853448f-0fe7-4fd1-b5bf-af8f6857561c'

2026/10/01 07:52:46 [32mE:/my project/Golang/hr/hr-backend/internal/httpapi/context.go:66
[0m[33m[143.102ms] [34;1m[rows:0][0m SELECT employee_id FROM memberships WHERE id = '9f6393bb-e49d-426c-bbb3-c205d01b45cc' AND user_id = '09947f6a-e1c8-4b63-830b-54df35d6151e' AND organization_id = 'a853448f-0fe7-4fd1-b5bf-af8f6857561c'

2026/10/01 07:52:46 [32mE:/my project/Golang/hr/hr-backend/internal/httpapi/core.go:857 [33mSLOW SQL >= 200ms
[0m[31;1m[302.132ms] [33m[rows:1][35m SELECT count(*) FROM "employees" WHERE organization_id = 'a853448f-0fe7-4fd1-b5bf-af8f6857561c' AND status = 'active' AND deleted_at IS NULL[0m

2026/10/01 07:52:46 [32mE:/my project/Golang/hr/hr-backend/internal/httpapi/collaboration.go:35 [33mSLOW SQL >= 200ms
[0m[31;1m[361.022ms] [33m[rows:1][35m SELECT count(*) FROM "notifications" WHERE organization_id='a853448f-0fe7-4fd1-b5bf-af8f6857561c' AND user_id='09947f6a-e1c8-4b63-830b-54df35d6151e' AND dismissed_at IS NULL[0m
{"time":"2026-10-01T07:52:46.6795188+07:00","level":"INFO","msg":"http request","method":"POST","path":"/v1/realtime/tickets","status":200,"durationMs":1086,"requestId":"7a0597bc-3afa-405f-89e7-56d942c1419d"}

2026/10/01 07:52:46 [32mE:/my project/Golang/hr/hr-backend/internal/httpapi/collaboration.go:36
[0m[33m[124.872ms] [34;1m[rows:3][0m SELECT * FROM "notifications" WHERE organization_id='a853448f-0fe7-4fd1-b5bf-af8f6857561c' AND user_id='09947f6a-e1c8-4b63-830b-54df35d6151e' AND dismissed_at IS NULL ORDER BY created_at DESC LIMIT 20
{"time":"2026-10-01T07:52:46.804391+07:00","level":"INFO","msg":"http request","method":"GET","path":"/v1/notifications","status":200,"durationMs":628,"requestId":"c8b39860-4639-4dba-b188-36bf447b26b6"}
{"time":"2026-10-01T07:52:46.804391+07:00","level":"INFO","msg":"http request","method":"OPTIONS","path":"","status":204,"durationMs":0,"requestId":"604a2269-8d91-4487-9ae8-ef519613739e"}

2026/10/01 07:52:46 [32mE:/my project/Golang/hr/hr-backend/internal/httpapi/context.go:66
[0m[33m[182.635ms] [34;1m[rows:0][0m SELECT employee_id FROM memberships WHERE id = '9f6393bb-e49d-426c-bbb3-c205d01b45cc' AND user_id = '09947f6a-e1c8-4b63-830b-54df35d6151e' AND organization_id = 'a853448f-0fe7-4fd1-b5bf-af8f6857561c'

2026/10/01 07:52:46 [32mE:/my project/Golang/hr/hr-backend/internal/httpapi/core.go:858
[0m[33m[187.027ms] [34;1m[rows:1][0m SELECT count(*) FROM "leave_requests" WHERE organization_id = 'a853448f-0fe7-4fd1-b5bf-af8f6857561c' AND status = 'pending'

2026/10/01 07:52:46 [32mE:/my project/Golang/hr/hr-backend/internal/httpapi/collaboration.go:35
[0m[33m[83.432ms] [34;1m[rows:1][0m SELECT count(*) FROM "notifications" WHERE organization_id='a853448f-0fe7-4fd1-b5bf-af8f6857561c' AND user_id='09947f6a-e1c8-4b63-830b-54df35d6151e' AND dismissed_at IS NULL

2026/10/01 07:52:46 [32mE:/my project/Golang/hr/hr-backend/internal/httpapi/core.go:860
[0m[33m[79.040ms] [34;1m[rows:1][0m SELECT * FROM "payroll_runs" WHERE organization_id = 'a853448f-0fe7-4fd1-b5bf-af8f6857561c' ORDER BY period_end DESC,"payroll_runs"."id" LIMIT 1

2026/10/01 07:52:47 [32mE:/my project/Golang/hr/hr-backend/internal/httpapi/collaboration.go:36
[0m[33m[60.926ms] [34;1m[rows:3][0m SELECT * FROM "notifications" WHERE organization_id='a853448f-0fe7-4fd1-b5bf-af8f6857561c' AND user_id='09947f6a-e1c8-4b63-830b-54df35d6151e' AND dismissed_at IS NULL ORDER BY created_at DESC LIMIT 20
{"time":"2026-10-01T07:52:47.0095083+07:00","level":"INFO","msg":"http request","method":"GET","path":"/v1/notifications","status":200,"durationMs":329,"requestId":"12f80fe5-fe54-437a-a9e5-d21f7e59e26d"}

2026/10/01 07:52:47 [32mE:/my project/Golang/hr/hr-backend/internal/httpapi/core.go:867
[0m[33m[62.924ms] [34;1m[rows:5][0m SELECT date, COUNT(*) FILTER (WHERE status IN ('present','late')) AS attendance, COALESCE(SUM(overtime_minutes),0) AS overtime FROM attendances WHERE organization_id = 'a853448f-0fe7-4fd1-b5bf-af8f6857561c' AND date >= CURRENT_DATE - INTERVAL '6 days' GROUP BY date ORDER BY date

2026/10/01 07:52:47 [32mE:/my project/Golang/hr/hr-backend/internal/httpapi/operations.go:48
[0m[33m[111.506ms] [34;1m[rows:1][0m SELECT "timezone" FROM "organizations" WHERE id = 'a853448f-0fe7-4fd1-b5bf-af8f6857561c'

2026/10/01 07:52:47 [32mE:/my project/Golang/hr/hr-backend/internal/httpapi/auth.go:40
[0m[33m[141.350ms] [34;1m[rows:1][0m SELECT * FROM "organizations" WHERE "organizations"."id" = 'a853448f-0fe7-4fd1-b5bf-af8f6857561c'

2026/10/01 07:52:47 [32mE:/my project/Golang/hr/hr-backend/internal/httpapi/auth.go:262
[0m[33m[151.544ms] [34;1m[rows:1][0m SELECT * FROM "refresh_sessions" WHERE token_hash = 'db64e24dca3da8120f457652a36e311ea8976a871acf297aa10651896d036b04' AND revoked_at IS NULL AND expires_at > '2026-10-01 00:52:47.233' ORDER BY "refresh_sessions"."id" LIMIT 1

2026/10/01 07:52:47 [32mE:/my project/Golang/hr/hr-backend/internal/httpapi/core.go:896 [33mSLOW SQL >= 200ms
[0m[31;1m[279.097ms] [33m[rows:0][35m SELECT "attention_key" FROM "attention_dismissals" WHERE organization_id = 'a853448f-0fe7-4fd1-b5bf-af8f6857561c' AND user_id = '09947f6a-e1c8-4b63-830b-54df35d6151e'[0m

2026/10/01 07:52:47 [32mE:/my project/Golang/hr/hr-backend/internal/httpapi/auth.go:269
[0m[33m[59.434ms] [34;1m[rows:1][0m SELECT * FROM "users" WHERE id = '09947f6a-e1c8-4b63-830b-54df35d6151e' ORDER BY "users"."id" LIMIT 1

2026/10/01 07:52:47 [32mE:/my project/Golang/hr/hr-backend/internal/httpapi/core.go:903
[0m[33m[58.434ms] [34;1m[rows:1][0m SELECT count(*) FROM "employees" WHERE organization_id = 'a853448f-0fe7-4fd1-b5bf-af8f6857561c' AND end_date BETWEEN CURRENT_DATE AND CURRENT_DATE + INTERVAL '30 days'

2026/10/01 07:52:47 [32mE:/my project/Golang/hr/hr-backend/internal/httpapi/core.go:908
[0m[33m[64.544ms] [34;1m[rows:1][0m SELECT count(*) FROM "leave_requests" WHERE organization_id = 'a853448f-0fe7-4fd1-b5bf-af8f6857561c' AND status = 'pending'

2026/10/01 07:52:47 [32m [33mSLOW SQL >= 200ms
[0m[31;1m[526.184ms] [33m[rows:14][35m SELECT * FROM "role_permissions" WHERE "role_permissions"."role_id" = '6204ad4f-b588-49ed-9ae0-874e6e11feee'[0m

2026/10/01 07:52:47 [32mE:/my project/Golang/hr/hr-backend/internal/httpapi/auth.go:273
[0m[33m[135.374ms] [34;1m[rows:1][0m SELECT * FROM "organizations" WHERE "organizations"."id" = 'a853448f-0fe7-4fd1-b5bf-af8f6857561c'

2026/10/01 07:52:47 [32mE:/my project/Golang/hr/hr-backend/internal/httpapi/core.go:883
[0m[33m[135.986ms] [34;1m[rows:1][0m SELECT count(*) FROM "employees" WHERE organization_id = 'a853448f-0fe7-4fd1-b5bf-af8f6857561c' AND deleted_at IS NULL AND hire_date >= date_trunc('month', CURRENT_DATE)

2026/10/01 07:52:48 [32mE:/my project/Golang/hr/hr-backend/internal/httpapi/core.go:884
[0m[33m[161.056ms] [34;1m[rows:1][0m SELECT count(*) FROM "departments" WHERE organization_id = 'a853448f-0fe7-4fd1-b5bf-af8f6857561c'

2026/10/01 07:52:48 [32m
[0m[33m[182.685ms] [34;1m[rows:14][0m SELECT * FROM "permissions" WHERE "permissions"."id" IN ('bee3b15c-a1f5-4c31-8f21-52422fe1d779','6e20086b-bd5c-4d7f-89a6-b3d95ab3e7a0','d19e697a-98e2-469e-9214-a6fa30b4fd3f','b8e8b45f-aa33-4db5-b4eb-343fb2fa9b37','9812c3be-57c2-4fb2-b0dc-55de9c83c00b','2950c517-fbc0-42cc-8237-5b2189cc58fe','5c79a954-bd36-41cc-ae16-3076ca3e8a05','9af8080e-abc3-4581-8c5e-e27a863de468','d835d01b-3013-49b9-9d77-15ca14422a22','ae9af0a2-4ffe-4cd0-9933-bfa5de0e0380','384aafff-152f-4e51-8264-8c746cb8f7fc','2c591e91-f4a9-4494-9c11-4820f458f72e','8ef68b12-b306-4e05-9af4-abcf8a97e319','20fff14f-0a64-4d53-b6b8-8342d85e2c88')

2026/10/01 07:52:48 [32mE:/my project/Golang/hr/hr-backend/internal/httpapi/auth.go:40 [33mSLOW SQL >= 200ms
[0m[31;1m[921.750ms] [33m[rows:1][35m SELECT * FROM "roles" WHERE "roles"."id" = '6204ad4f-b588-49ed-9ae0-874e6e11feee'[0m

2026/10/01 07:52:48 [32mE:/my project/Golang/hr/hr-backend/internal/httpapi/auth.go:40 [33mSLOW SQL >= 200ms
[0m[31;1m[1173.633ms] [33m[rows:1][35m SELECT * FROM "memberships" WHERE "memberships"."user_id" = '09947f6a-e1c8-4b63-830b-54df35d6151e'[0m

2026/10/01 07:52:48 [32mE:/my project/Golang/hr/hr-backend/internal/httpapi/auth.go:40 [33mSLOW SQL >= 200ms
[0m[31;1m[1234.614ms] [33m[rows:1][35m SELECT * FROM "users" WHERE lower(email) = 'sarah@simpul.co.id' ORDER BY "users"."id" LIMIT 1[0m

2026/10/01 07:52:48 [32mE:/my project/Golang/hr/hr-backend/internal/httpapi/auth.go:273
[0m[33m[129.452ms] [34;1m[rows:14][0m SELECT * FROM "role_permissions" WHERE "role_permissions"."role_id" = '6204ad4f-b588-49ed-9ae0-874e6e11feee'

2026/10/01 07:52:48 [32mE:/my project/Golang/hr/hr-backend/internal/httpapi/core.go:885 [33mSLOW SQL >= 200ms
[0m[31;1m[228.151ms] [33m[rows:1][35m SELECT count(*) FROM "employees" WHERE organization_id = 'a853448f-0fe7-4fd1-b5bf-af8f6857561c' AND status = 'on_leave' AND deleted_at IS NULL[0m
{"time":"2026-10-01T07:52:48.386191+07:00","level":"INFO","msg":"http request","method":"GET","path":"/v1/dashboard/summary","status":200,"durationMs":2210,"requestId":"1f61e981-71ea-4a81-9918-be24553761d3"}

2026/10/01 07:52:48 [32mE:/my project/Golang/hr/hr-backend/internal/httpapi/auth.go:273
[0m[33m[101.900ms] [34;1m[rows:14][0m SELECT * FROM "permissions" WHERE "permissions"."id" IN ('bee3b15c-a1f5-4c31-8f21-52422fe1d779','6e20086b-bd5c-4d7f-89a6-b3d95ab3e7a0','d19e697a-98e2-469e-9214-a6fa30b4fd3f','b8e8b45f-aa33-4db5-b4eb-343fb2fa9b37','9812c3be-57c2-4fb2-b0dc-55de9c83c00b','2950c517-fbc0-42cc-8237-5b2189cc58fe','5c79a954-bd36-41cc-ae16-3076ca3e8a05','9af8080e-abc3-4581-8c5e-e27a863de468','d835d01b-3013-49b9-9d77-15ca14422a22','ae9af0a2-4ffe-4cd0-9933-bfa5de0e0380','384aafff-152f-4e51-8264-8c746cb8f7fc','2c591e91-f4a9-4494-9c11-4820f458f72e','8ef68b12-b306-4e05-9af4-abcf8a97e319','20fff14f-0a64-4d53-b6b8-8342d85e2c88')

2026/10/01 07:52:48 [32mE:/my project/Golang/hr/hr-backend/internal/httpapi/auth.go:273 [33mSLOW SQL >= 200ms
[0m[31;1m[453.681ms] [33m[rows:1][35m SELECT * FROM "roles" WHERE "roles"."id" = '6204ad4f-b588-49ed-9ae0-874e6e11feee'[0m

2026/10/01 07:52:48 [32mE:/my project/Golang/hr/hr-backend/internal/httpapi/auth.go:273 [33mSLOW SQL >= 200ms
[0m[31;1m[655.244ms] [33m[rows:1][35m SELECT * FROM "memberships" WHERE id = '9f6393bb-e49d-426c-bbb3-c205d01b45cc' ORDER BY "memberships"."id" LIMIT 1[0m

2026/10/01 07:52:48 [32mE:/my project/Golang/hr/hr-backend/internal/httpapi/auth.go:278
[0m[33m[181.630ms] [34;1m[rows:1][0m UPDATE "refresh_sessions" SET "revoked_at"='2026-10-01 00:52:48.389' WHERE "id" = 'f05a436c-752b-4177-bf2e-122ccdf7ac81'

2026/10/01 07:52:48 [32mE:/my project/Golang/hr/hr-backend/internal/httpapi/auth.go:245 [33mSLOW SQL >= 200ms
[0m[31;1m[219.695ms] [33m[rows:1][35m INSERT INTO "refresh_sessions" ("user_id","membership_id","organization_id","token_hash","expires_at","revoked_at","user_agent","ip_address","created_at") VALUES ('09947f6a-e1c8-4b63-830b-54df35d6151e','9f6393bb-e49d-426c-bbb3-c205d01b45cc','a853448f-0fe7-4fd1-b5bf-af8f6857561c','b2bea69ce7430145668a6a485c00fa6edc2800fd4fb887654f8b0fed19929625','2026-10-31 00:52:48.398',NULL,'Mozilla/5.0 (Windows NT 10.0; Win64; x64) AppleWebKit/537.36 (KHTML, like Gecko) Chrome/153.0.8010.12 Safari/537.36','::1','2026-10-01 00:52:48.461') RETURNING "id"[0m

2026/10/01 07:52:48 [32mE:/my project/Golang/hr/hr-backend/internal/httpapi/auth.go:245 [33mSLOW SQL >= 200ms
[0m[31;1m[264.907ms] [33m[rows:1][35m INSERT INTO "refresh_sessions" ("user_id","membership_id","organization_id","token_hash","expires_at","revoked_at","user_agent","ip_address","created_at") VALUES ('09947f6a-e1c8-4b63-830b-54df35d6151e','9f6393bb-e49d-426c-bbb3-c205d01b45cc','a853448f-0fe7-4fd1-b5bf-af8f6857561c','e25b83e47ae74aa2d1aef8f01e1655a7c181f27d045173752b82491b0b77bdbf','2026-10-31 00:52:48.69',NULL,'Mozilla/5.0 (Windows NT 10.0; Win64; x64) AppleWebKit/537.36 (KHTML, like Gecko) Chrome/153.0.8010.12 Safari/537.36','::1','2026-10-01 00:52:48.773') RETURNING "id"[0m

2026/10/01 07:52:49 [32mE:/my project/Golang/hr/hr-backend/internal/httpapi/auth.go:249
[0m[33m[67.364ms] [34;1m[rows:0][0m INSERT INTO "organizations" ("slug","name","industry","address","phone","email","timezone","locale","currency","created_at","updated_at","id") VALUES ('simpul-demo','PT Simpul Teknologi Indonesia','Teknologi Informasi & SaaS','Sopo Del Tower Lt. 18, Mega Kuningan, Jakarta Selatan','+62 21-5088-0123','ops@simpul.co.id','Asia/Jakarta','id-ID','IDR','2026-10-01 07:38:31.513','2026-10-01 07:46:46.184','a853448f-0fe7-4fd1-b5bf-af8f6857561c') ON CONFLICT DO NOTHING RETURNING "id"

2026/10/01 07:52:49 [32m
[0m[33m[88.593ms] [34;1m[rows:0][0m INSERT INTO "permissions" ("key","label","description","id") VALUES ('performance.manage','Mengelola Performa','','2950c517-fbc0-42cc-8237-5b2189cc58fe'),('settings.manage','Mengelola Pengaturan','','5c79a954-bd36-41cc-ae16-3076ca3e8a05'),('support.manage','Mengelola Tiket Bantuan','','9af8080e-abc3-4581-8c5e-e27a863de468'),('employees.view','Melihat Direktori Karyawan','','d835d01b-3013-49b9-9d77-15ca14422a22'),('employees.manage','Mengelola Data Karyawan','','ae9af0a2-4ffe-4cd0-9933-bfa5de0e0380'),('attendance.manage','Mengelola Absensi dan Shift','','384aafff-152f-4e51-8264-8c746cb8f7fc'),('payroll.run','Menjalankan Payroll','','2c591e91-f4a9-4494-9c11-4820f458f72e'),('recruitment.view','Melihat Rekrutmen','','8ef68b12-b306-4e05-9af4-abcf8a97e319'),('recruitment.manage','Mengelola Rekrutmen','','20fff14f-0a64-4d53-b6b8-8342d85e2c88'),('performance.view','Melihat Performa','','bee3b15c-a1f5-4c31-8f21-52422fe1d779'),('analytics.view','Melihat Analitik','','6e20086b-bd5c-4d7f-89a6-b3d95ab3e7a0'),('attendance.view','Melihat Absensi dan Shift','','d19e697a-98e2-469e-9214-a6fa30b4fd3f'),('leave.approve','Menyetujui Cuti','','b8e8b45f-aa33-4db5-b4eb-343fb2fa9b37'),('payroll.view','Melihat Payroll','','9812c3be-57c2-4fb2-b0dc-55de9c83c00b') ON CONFLICT DO NOTHING RETURNING "id"

2026/10/01 07:52:49 [32m
[0m[33m[87.080ms] [34;1m[rows:0][0m INSERT INTO "role_permissions" ("role_id","permission_id") VALUES ('6204ad4f-b588-49ed-9ae0-874e6e11feee','2950c517-fbc0-42cc-8237-5b2189cc58fe'),('6204ad4f-b588-49ed-9ae0-874e6e11feee','5c79a954-bd36-41cc-ae16-3076ca3e8a05'),('6204ad4f-b588-49ed-9ae0-874e6e11feee','9af8080e-abc3-4581-8c5e-e27a863de468'),('6204ad4f-b588-49ed-9ae0-874e6e11feee','d835d01b-3013-49b9-9d77-15ca14422a22'),('6204ad4f-b588-49ed-9ae0-874e6e11feee','ae9af0a2-4ffe-4cd0-9933-bfa5de0e0380'),('6204ad4f-b588-49ed-9ae0-874e6e11feee','384aafff-152f-4e51-8264-8c746cb8f7fc'),('6204ad4f-b588-49ed-9ae0-874e6e11feee','2c591e91-f4a9-4494-9c11-4820f458f72e'),('6204ad4f-b588-49ed-9ae0-874e6e11feee','8ef68b12-b306-4e05-9af4-abcf8a97e319'),('6204ad4f-b588-49ed-9ae0-874e6e11feee','20fff14f-0a64-4d53-b6b8-8342d85e2c88'),('6204ad4f-b588-49ed-9ae0-874e6e11feee','bee3b15c-a1f5-4c31-8f21-52422fe1d779'),('6204ad4f-b588-49ed-9ae0-874e6e11feee','6e20086b-bd5c-4d7f-89a6-b3d95ab3e7a0'),('6204ad4f-b588-49ed-9ae0-874e6e11feee','d19e697a-98e2-469e-9214-a6fa30b4fd3f'),('6204ad4f-b588-49ed-9ae0-874e6e11feee','b8e8b45f-aa33-4db5-b4eb-343fb2fa9b37'),('6204ad4f-b588-49ed-9ae0-874e6e11feee','9812c3be-57c2-4fb2-b0dc-55de9c83c00b') ON CONFLICT DO NOTHING RETURNING "role_id","permission_id"

2026/10/01 07:52:49 [32mE:/my project/Golang/hr/hr-backend/internal/httpapi/auth.go:249 [33mSLOW SQL >= 200ms
[0m[31;1m[347.723ms] [33m[rows:0][35m INSERT INTO "roles" ("organization_id","key","name","description","is_system","created_at","updated_at","id") VALUES ('a853448f-0fe7-4fd1-b5bf-af8f6857561c','hr_admin','HR Admin','System role hr_admin',true,'2026-10-01 07:38:33.93','2026-10-01 07:46:49.167','6204ad4f-b588-49ed-9ae0-874e6e11feee') ON CONFLICT DO NOTHING RETURNING "id"[0m

2026/10/01 07:52:49 [32mE:/my project/Golang/hr/hr-backend/internal/httpapi/auth.go:249 [33mSLOW SQL >= 200ms
[0m[31;1m[566.486ms] [33m[rows:1][35m INSERT INTO "memberships" ("organization_id","user_id","employee_id","role_id","created_at","updated_at","id") VALUES ('a853448f-0fe7-4fd1-b5bf-af8f6857561c','09947f6a-e1c8-4b63-830b-54df35d6151e','99d21239-e245-44f3-ba50-31138747118b','6204ad4f-b588-49ed-9ae0-874e6e11feee','2026-10-01 07:38:42.175','2026-10-01 07:46:57.406','9f6393bb-e49d-426c-bbb3-c205d01b45cc') ON CONFLICT ("id") DO UPDATE SET "user_id"="excluded"."user_id" RETURNING "id"[0m

2026/10/01 07:52:49 [32mE:/my project/Golang/hr/hr-backend/internal/httpapi/auth.go:249 [33mSLOW SQL >= 200ms
[0m[31;1m[839.727ms] [33m[rows:1][35m UPDATE "users" SET "last_login_at"='2026-10-01 00:52:48.736',"updated_at"='2026-10-01 00:52:48.861' WHERE "id" = '09947f6a-e1c8-4b63-830b-54df35d6151e'[0m
{"time":"2026-10-01T07:52:49.5771758+07:00","level":"INFO","msg":"http request","method":"POST","path":"/v1/auth/login","status":200,"durationMs":2772,"requestId":"473bd40e-2dfc-4dd1-ac20-4b846eeb3a88"}
{"time":"2026-10-01T07:52:49.5991266+07:00","level":"INFO","msg":"http request","method":"OPTIONS","path":"","status":204,"durationMs":0,"requestId":"4053552d-1649-4fd8-9389-82889fbdcaf7"}

2026/10/01 07:52:49 [32mE:/my project/Golang/hr/hr-backend/internal/httpapi/auth.go:249 [33mSLOW SQL >= 200ms
[0m[31;1m[654.657ms] [33m[rows:1][35m UPDATE "users" SET "last_login_at"='2026-10-01 00:52:49.042',"updated_at"='2026-10-01 00:52:49.1' WHERE "id" = '09947f6a-e1c8-4b63-830b-54df35d6151e'[0m

2026/10/01 07:52:50 [32mE:/my project/Golang/hr/hr-backend/internal/httpapi/auth.go:262 [33mSLOW SQL >= 200ms
[0m[31;1m[203.108ms] [33m[rows:1][35m SELECT * FROM "refresh_sessions" WHERE token_hash = 'b2bea69ce7430145668a6a485c00fa6edc2800fd4fb887654f8b0fed19929625' AND revoked_at IS NULL AND expires_at > '2026-10-01 00:52:50.464' ORDER BY "refresh_sessions"."id" LIMIT 1[0m
{"time":"2026-10-01T07:52:49.6953912+07:00","level":"INFO","msg":"http request","method":"OPTIONS","path":"","status":204,"durationMs":0,"requestId":"d73e9746-754b-4a19-b64a-433baf3e52af"}
{"time":"2026-10-01T07:52:49.7273766+07:00","level":"INFO","msg":"http request","method":"OPTIONS","path":"","status":204,"durationMs":0,"requestId":"5c7e03d6-8a72-4119-864a-8398daef7deb"}
{"time":"2026-10-01T07:52:49.7283746+07:00","level":"INFO","msg":"http request","method":"OPTIONS","path":"","status":204,"durationMs":0,"requestId":"7363bc81-9bdb-43e8-a156-7414f336fa3a"}
{"time":"2026-10-01T07:52:50.8964047+07:00","level":"INFO","msg":"http request","method":"POST","path":"/v1/auth/refresh","status":200,"durationMs":3662,"requestId":"99201d6f-4dd4-486c-8967-aa5b4ae57a93"}
{"time":"2026-10-01T07:52:50.9417297+07:00","level":"INFO","msg":"http request","method":"OPTIONS","path":"","status":204,"durationMs":0,"requestId":"6befdff1-2c0b-4f74-9680-9a1ed03157ed"}
{"time":"2026-10-01T07:52:50.950146+07:00","level":"INFO","msg":"http request","method":"OPTIONS","path":"","status":204,"durationMs":0,"requestId":"6653e302-ed31-4cad-bd6d-d8bfb29f6f47"}

2026/10/01 07:52:51 [32mE:/my project/Golang/hr/hr-backend/internal/httpapi/auth.go:269
[0m[33m[118.289ms] [34;1m[rows:1][0m SELECT * FROM "users" WHERE id = '09947f6a-e1c8-4b63-830b-54df35d6151e' ORDER BY "users"."id" LIMIT 1

2026/10/01 07:52:51 [32mE:/my project/Golang/hr/hr-backend/internal/httpapi/context.go:66
[0m[33m[132.897ms] [34;1m[rows:0][0m SELECT employee_id FROM memberships WHERE id = '9f6393bb-e49d-426c-bbb3-c205d01b45cc' AND user_id = '09947f6a-e1c8-4b63-830b-54df35d6151e' AND organization_id = 'a853448f-0fe7-4fd1-b5bf-af8f6857561c'

2026/10/01 07:52:51 [32mE:/my project/Golang/hr/hr-backend/internal/httpapi/context.go:66
[0m[33m[162.702ms] [34;1m[rows:0][0m SELECT employee_id FROM memberships WHERE id = '9f6393bb-e49d-426c-bbb3-c205d01b45cc' AND user_id = '09947f6a-e1c8-4b63-830b-54df35d6151e' AND organization_id = 'a853448f-0fe7-4fd1-b5bf-af8f6857561c'

2026/10/01 07:52:51 [32mE:/my project/Golang/hr/hr-backend/internal/httpapi/context.go:66
[0m[33m[180.565ms] [34;1m[rows:0][0m SELECT employee_id FROM memberships WHERE id = '9f6393bb-e49d-426c-bbb3-c205d01b45cc' AND user_id = '09947f6a-e1c8-4b63-830b-54df35d6151e' AND organization_id = 'a853448f-0fe7-4fd1-b5bf-af8f6857561c'
{"time":"2026-10-01T07:52:51.1742848+07:00","level":"INFO","msg":"http request","method":"POST","path":"/v1/realtime/tickets","status":200,"durationMs":228,"requestId":"17bfd815-a7fc-41fb-9fc0-78fa6c2cc5d6"}

2026/10/01 07:52:51 [32mE:/my project/Golang/hr/hr-backend/internal/httpapi/collaboration.go:35
[0m[33m[64.975ms] [34;1m[rows:1][0m SELECT count(*) FROM "notifications" WHERE organization_id='a853448f-0fe7-4fd1-b5bf-af8f6857561c' AND user_id='09947f6a-e1c8-4b63-830b-54df35d6151e' AND dismissed_at IS NULL

2026/10/01 07:52:51 [32mE:/my project/Golang/hr/hr-backend/internal/httpapi/auth.go:273
[0m[33m[56.864ms] [34;1m[rows:1][0m SELECT * FROM "organizations" WHERE "organizations"."id" = 'a853448f-0fe7-4fd1-b5bf-af8f6857561c'

2026/10/01 07:52:51 [32mE:/my project/Golang/hr/hr-backend/internal/httpapi/core.go:857
[0m[33m[81.338ms] [34;1m[rows:1][0m SELECT count(*) FROM "employees" WHERE organization_id = 'a853448f-0fe7-4fd1-b5bf-af8f6857561c' AND status = 'active' AND deleted_at IS NULL

2026/10/01 07:52:51 [32mE:/my project/Golang/hr/hr-backend/internal/httpapi/collaboration.go:36
[0m[33m[119.223ms] [34;1m[rows:3][0m SELECT * FROM "notifications" WHERE organization_id='a853448f-0fe7-4fd1-b5bf-af8f6857561c' AND user_id='09947f6a-e1c8-4b63-830b-54df35d6151e' AND dismissed_at IS NULL ORDER BY created_at DESC LIMIT 20
{"time":"2026-10-01T07:52:51.3435275+07:00","level":"INFO","msg":"http request","method":"GET","path":"/v1/notifications","status":200,"durationMs":367,"requestId":"64b65568-5bd4-45c6-97c4-5508ca287c55"}

2026/10/01 07:52:51 [32mE:/my project/Golang/hr/hr-backend/internal/httpapi/core.go:858
[0m[33m[75.882ms] [34;1m[rows:1][0m SELECT count(*) FROM "leave_requests" WHERE organization_id = 'a853448f-0fe7-4fd1-b5bf-af8f6857561c' AND status = 'pending'

2026/10/01 07:52:51 [32mE:/my project/Golang/hr/hr-backend/internal/httpapi/auth.go:273
[0m[33m[89.989ms] [34;1m[rows:14][0m SELECT * FROM "role_permissions" WHERE "role_permissions"."role_id" = '6204ad4f-b588-49ed-9ae0-874e6e11feee'

2026/10/01 07:52:51 [32mE:/my project/Golang/hr/hr-backend/internal/httpapi/context.go:66
[0m[33m[103.845ms] [34;1m[rows:0][0m SELECT employee_id FROM memberships WHERE id = '9f6393bb-e49d-426c-bbb3-c205d01b45cc' AND user_id = '09947f6a-e1c8-4b63-830b-54df35d6151e' AND organization_id = 'a853448f-0fe7-4fd1-b5bf-af8f6857561c'

2026/10/01 07:52:51 [32mE:/my project/Golang/hr/hr-backend/internal/httpapi/core.go:860
[0m[33m[92.067ms] [34;1m[rows:1][0m SELECT * FROM "payroll_runs" WHERE organization_id = 'a853448f-0fe7-4fd1-b5bf-af8f6857561c' ORDER BY period_end DESC,"payroll_runs"."id" LIMIT 1

2026/10/01 07:52:51 [32mE:/my project/Golang/hr/hr-backend/internal/httpapi/auth.go:273
[0m[33m[74.727ms] [34;1m[rows:14][0m SELECT * FROM "permissions" WHERE "permissions"."id" IN ('bee3b15c-a1f5-4c31-8f21-52422fe1d779','6e20086b-bd5c-4d7f-89a6-b3d95ab3e7a0','d19e697a-98e2-469e-9214-a6fa30b4fd3f','b8e8b45f-aa33-4db5-b4eb-343fb2fa9b37','9812c3be-57c2-4fb2-b0dc-55de9c83c00b','2950c517-fbc0-42cc-8237-5b2189cc58fe','5c79a954-bd36-41cc-ae16-3076ca3e8a05','9af8080e-abc3-4581-8c5e-e27a863de468','d835d01b-3013-49b9-9d77-15ca14422a22','ae9af0a2-4ffe-4cd0-9933-bfa5de0e0380','384aafff-152f-4e51-8264-8c746cb8f7fc','2c591e91-f4a9-4494-9c11-4820f458f72e','8ef68b12-b306-4e05-9af4-abcf8a97e319','20fff14f-0a64-4d53-b6b8-8342d85e2c88')

2026/10/01 07:52:51 [32mE:/my project/Golang/hr/hr-backend/internal/httpapi/collaboration.go:35
[0m[33m[66.129ms] [34;1m[rows:1][0m SELECT count(*) FROM "notifications" WHERE organization_id='a853448f-0fe7-4fd1-b5bf-af8f6857561c' AND user_id='09947f6a-e1c8-4b63-830b-54df35d6151e' AND dismissed_at IS NULL

2026/10/01 07:52:51 [32mE:/my project/Golang/hr/hr-backend/internal/httpapi/auth.go:273 [33mSLOW SQL >= 200ms
[0m[31;1m[281.763ms] [33m[rows:1][35m SELECT * FROM "roles" WHERE "roles"."id" = '6204ad4f-b588-49ed-9ae0-874e6e11feee'[0m

2026/10/01 07:52:51 [32mE:/my project/Golang/hr/hr-backend/internal/httpapi/auth.go:273 [33mSLOW SQL >= 200ms
[0m[31;1m[504.649ms] [33m[rows:1][35m SELECT * FROM "memberships" WHERE id = '9f6393bb-e49d-426c-bbb3-c205d01b45cc' ORDER BY "memberships"."id" LIMIT 1[0m

2026/10/01 07:52:51 [32mE:/my project/Golang/hr/hr-backend/internal/httpapi/collaboration.go:36
[0m[33m[62.582ms] [34;1m[rows:3][0m SELECT * FROM "notifications" WHERE organization_id='a853448f-0fe7-4fd1-b5bf-af8f6857561c' AND user_id='09947f6a-e1c8-4b63-830b-54df35d6151e' AND dismissed_at IS NULL ORDER BY created_at DESC LIMIT 20

2026/10/01 07:52:51 [32mE:/my project/Golang/hr/hr-backend/internal/httpapi/core.go:867
[0m[33m[63.593ms] [34;1m[rows:5][0m SELECT date, COUNT(*) FILTER (WHERE status IN ('present','late')) AS attendance, COALESCE(SUM(overtime_minutes),0) AS overtime FROM attendances WHERE organization_id = 'a853448f-0fe7-4fd1-b5bf-af8f6857561c' AND date >= CURRENT_DATE - INTERVAL '6 days' GROUP BY date ORDER BY date
{"time":"2026-10-01T07:52:51.6586237+07:00","level":"INFO","msg":"http request","method":"GET","path":"/v1/notifications","status":200,"durationMs":297,"requestId":"9df27abf-56fb-40e4-95f5-8e02324d2af4"}

2026/10/01 07:52:51 [32mE:/my project/Golang/hr/hr-backend/internal/httpapi/operations.go:48
[0m[33m[76.998ms] [34;1m[rows:1][0m SELECT "timezone" FROM "organizations" WHERE id = 'a853448f-0fe7-4fd1-b5bf-af8f6857561c'

2026/10/01 07:52:51 [32mE:/my project/Golang/hr/hr-backend/internal/httpapi/auth.go:278 [33mSLOW SQL >= 200ms
[0m[31;1m[247.436ms] [33m[rows:1][35m UPDATE "refresh_sessions" SET "revoked_at"='2026-10-01 00:52:51.551' WHERE "id" = '440c0511-20dd-4e25-8852-d43e7e4ee972'[0m

2026/10/01 07:52:51 [32mE:/my project/Golang/hr/hr-backend/internal/httpapi/core.go:896
[0m[33m[90.972ms] [34;1m[rows:0][0m SELECT "attention_key" FROM "attention_dismissals" WHERE organization_id = 'a853448f-0fe7-4fd1-b5bf-af8f6857561c' AND user_id = '09947f6a-e1c8-4b63-830b-54df35d6151e'

2026/10/01 07:52:52 [32mE:/my project/Golang/hr/hr-backend/internal/httpapi/core.go:903
[0m[33m[185.578ms] [34;1m[rows:1][0m SELECT count(*) FROM "employees" WHERE organization_id = 'a853448f-0fe7-4fd1-b5bf-af8f6857561c' AND end_date BETWEEN CURRENT_DATE AND CURRENT_DATE + INTERVAL '30 days'

2026/10/01 07:52:52 [32mE:/my project/Golang/hr/hr-backend/internal/httpapi/auth.go:245 [33mSLOW SQL >= 200ms
[0m[31;1m[324.686ms] [33m[rows:1][35m INSERT INTO "refresh_sessions" ("user_id","membership_id","organization_id","token_hash","expires_at","revoked_at","user_agent","ip_address","created_at") VALUES ('09947f6a-e1c8-4b63-830b-54df35d6151e','9f6393bb-e49d-426c-bbb3-c205d01b45cc','a853448f-0fe7-4fd1-b5bf-af8f6857561c','092390299b7acdbbfea8dc1386e231294fee0405c51876c98f88d540c889d34d','2026-10-31 00:52:51.879',NULL,'Mozilla/5.0 (Windows NT 10.0; Win64; x64) AppleWebKit/537.36 (KHTML, like Gecko) Chrome/153.0.8010.12 Safari/537.36','::1','2026-10-01 00:52:51.968') RETURNING "id"[0m

2026/10/01 07:52:52 [32mE:/my project/Golang/hr/hr-backend/internal/httpapi/core.go:908
[0m[33m[55.833ms] [34;1m[rows:1][0m SELECT count(*) FROM "leave_requests" WHERE organization_id = 'a853448f-0fe7-4fd1-b5bf-af8f6857561c' AND status = 'pending'

2026/10/01 07:52:52 [32mE:/my project/Golang/hr/hr-backend/internal/httpapi/core.go:883
[0m[33m[63.823ms] [34;1m[rows:1][0m SELECT count(*) FROM "employees" WHERE organization_id = 'a853448f-0fe7-4fd1-b5bf-af8f6857561c' AND deleted_at IS NULL AND hire_date >= date_trunc('month', CURRENT_DATE)

2026/10/01 07:52:52 [32mE:/my project/Golang/hr/hr-backend/internal/httpapi/core.go:884
[0m[33m[82.508ms] [34;1m[rows:1][0m SELECT count(*) FROM "departments" WHERE organization_id = 'a853448f-0fe7-4fd1-b5bf-af8f6857561c'

2026/10/01 07:52:52 [32mE:/my project/Golang/hr/hr-backend/internal/httpapi/auth.go:249
[0m[33m[186.466ms] [34;1m[rows:1][0m UPDATE "users" SET "last_login_at"='2026-10-01 00:52:52.27',"updated_at"='2026-10-01 00:52:52.322' WHERE "id" = '09947f6a-e1c8-4b63-830b-54df35d6151e'
{"time":"2026-10-01T07:52:52.4582732+07:00","level":"INFO","msg":"http request","method":"POST","path":"/v1/auth/refresh","status":200,"durationMs":1993,"requestId":"fd42b9e2-67e4-4c12-96af-5e5dba77f53d"}

2026/10/01 07:52:52 [32mE:/my project/Golang/hr/hr-backend/internal/httpapi/core.go:885
[0m[33m[147.811ms] [34;1m[rows:1][0m SELECT count(*) FROM "employees" WHERE organization_id = 'a853448f-0fe7-4fd1-b5bf-af8f6857561c' AND status = 'on_leave' AND deleted_at IS NULL
{"time":"2026-10-01T07:52:52.5857215+07:00","level":"INFO","msg":"http request","method":"OPTIONS","path":"","status":204,"durationMs":0,"requestId":"1ef8317a-a610-4c95-a991-a1dd40f22329"}
{"time":"2026-10-01T07:52:52.5857215+07:00","level":"INFO","msg":"http request","method":"OPTIONS","path":"","status":204,"durationMs":0,"requestId":"f3ab9f4e-fa92-41f0-8309-814b875f8546"}
{"time":"2026-10-01T07:52:52.5857215+07:00","level":"INFO","msg":"http request","method":"OPTIONS","path":"","status":204,"durationMs":0,"requestId":"0ca56649-ddbb-4add-ae47-cf746f943cca"}
{"time":"2026-10-01T07:52:52.5988635+07:00","level":"INFO","msg":"http request","method":"GET","path":"/v1/dashboard/summary","status":200,"durationMs":1618,"requestId":"6ea108c7-87c8-4794-a147-b804907c5fa3"}

2026/10/01 07:52:52 [32mE:/my project/Golang/hr/hr-backend/internal/httpapi/context.go:66
[0m[33m[84.969ms] [34;1m[rows:0][0m SELECT employee_id FROM memberships WHERE id = '9f6393bb-e49d-426c-bbb3-c205d01b45cc' AND user_id = '09947f6a-e1c8-4b63-830b-54df35d6151e' AND organization_id = 'a853448f-0fe7-4fd1-b5bf-af8f6857561c'

2026/10/01 07:52:52 [32mE:/my project/Golang/hr/hr-backend/internal/httpapi/context.go:66
[0m[33m[94.601ms] [34;1m[rows:0][0m SELECT employee_id FROM memberships WHERE id = '9f6393bb-e49d-426c-bbb3-c205d01b45cc' AND user_id = '09947f6a-e1c8-4b63-830b-54df35d6151e' AND organization_id = 'a853448f-0fe7-4fd1-b5bf-af8f6857561c'
{"time":"2026-10-01T07:52:52.7518967+07:00","level":"INFO","msg":"http request","method":"POST","path":"/v1/realtime/tickets","status":200,"durationMs":181,"requestId":"c21aa02e-b1b1-4e8d-a410-038d43b55fd5"}

2026/10/01 07:52:52 [32mE:/my project/Golang/hr/hr-backend/internal/httpapi/collaboration.go:35
[0m[33m[79.471ms] [34;1m[rows:1][0m SELECT count(*) FROM "notifications" WHERE organization_id='a853448f-0fe7-4fd1-b5bf-af8f6857561c' AND user_id='09947f6a-e1c8-4b63-830b-54df35d6151e' AND dismissed_at IS NULL

2026/10/01 07:52:52 [32mE:/my project/Golang/hr/hr-backend/internal/httpapi/context.go:66
[0m[33m[155.580ms] [34;1m[rows:0][0m SELECT employee_id FROM memberships WHERE id = '9f6393bb-e49d-426c-bbb3-c205d01b45cc' AND user_id = '09947f6a-e1c8-4b63-830b-54df35d6151e' AND organization_id = 'a853448f-0fe7-4fd1-b5bf-af8f6857561c'

2026/10/01 07:52:52 [32mE:/my project/Golang/hr/hr-backend/internal/httpapi/context.go:66 [33mSLOW SQL >= 200ms
[0m[31;1m[220.003ms] [33m[rows:0][35m SELECT employee_id FROM memberships WHERE id = '9f6393bb-e49d-426c-bbb3-c205d01b45cc' AND user_id = '09947f6a-e1c8-4b63-830b-54df35d6151e' AND organization_id = 'a853448f-0fe7-4fd1-b5bf-af8f6857561c'[0m

2026/10/01 07:52:52 [32mE:/my project/Golang/hr/hr-backend/internal/httpapi/context.go:66 [33mSLOW SQL >= 200ms
[0m[31;1m[230.291ms] [33m[rows:0][35m SELECT employee_id FROM memberships WHERE id = '9f6393bb-e49d-426c-bbb3-c205d01b45cc' AND user_id = '09947f6a-e1c8-4b63-830b-54df35d6151e' AND organization_id = 'a853448f-0fe7-4fd1-b5bf-af8f6857561c'[0m

2026/10/01 07:52:52 [32mE:/my project/Golang/hr/hr-backend/internal/httpapi/collaboration.go:36
[0m[33m[99.089ms] [34;1m[rows:3][0m SELECT * FROM "notifications" WHERE organization_id='a853448f-0fe7-4fd1-b5bf-af8f6857561c' AND user_id='09947f6a-e1c8-4b63-830b-54df35d6151e' AND dismissed_at IS NULL ORDER BY created_at DESC LIMIT 20
{"time":"2026-10-01T07:52:52.869247+07:00","level":"INFO","msg":"http request","method":"GET","path":"/v1/notifications","status":200,"durationMs":283,"requestId":"f83ffa2a-2fbc-4270-8fea-884d0f1ed741"}

2026/10/01 07:52:52 [32mE:/my project/Golang/hr/hr-backend/internal/httpapi/core.go:257
[0m[33m[146.421ms] [34;1m[rows:4][0m SELECT * FROM "departments" WHERE organization_id = 'a853448f-0fe7-4fd1-b5bf-af8f6857561c' ORDER BY name

2026/10/01 07:52:52 [32mE:/my project/Golang/hr/hr-backend/internal/httpapi/context.go:66
[0m[33m[63.420ms] [34;1m[rows:0][0m SELECT employee_id FROM memberships WHERE id = '9f6393bb-e49d-426c-bbb3-c205d01b45cc' AND user_id = '09947f6a-e1c8-4b63-830b-54df35d6151e' AND organization_id = 'a853448f-0fe7-4fd1-b5bf-af8f6857561c'

2026/10/01 07:52:53 [32mE:/my project/Golang/hr/hr-backend/internal/httpapi/core.go:342
[0m[33m[90.840ms] [34;1m[rows:4][0m SELECT * FROM "departments" WHERE "departments"."id" IN ('30bb9633-cd4d-486e-a539-f4a0832bdc12','ef1eb843-2735-4430-85a2-58574ace53db','bc32b8ee-da52-4a01-8bd1-23d42a767387','97c6c5df-092e-4595-9cc9-0a4f87ca7ceb')

2026/10/01 07:52:53 [32mE:/my project/Golang/hr/hr-backend/internal/httpapi/core.go:342
[0m[33m[159.459ms] [34;1m[rows:6][0m SELECT * FROM "positions" WHERE positions.organization_id = 'a853448f-0fe7-4fd1-b5bf-af8f6857561c' ORDER BY title

2026/10/01 07:52:53 [32mE:/my project/Golang/hr/hr-backend/internal/httpapi/core.go:408
[0m[33m[144.552ms] [34;1m[rows:1][0m SELECT count(*) FROM "employees" WHERE employees.organization_id = 'a853448f-0fe7-4fd1-b5bf-af8f6857561c' AND employees.deleted_at IS NULL

2026/10/01 07:52:53 [32mE:/my project/Golang/hr/hr-backend/internal/httpapi/core.go:262
[0m[33m[90.651ms] [34;1m[rows:1][0m SELECT count(*) FROM "employees" WHERE organization_id = 'a853448f-0fe7-4fd1-b5bf-af8f6857561c' AND department_id = 'bc32b8ee-da52-4a01-8bd1-23d42a767387' AND deleted_at IS NULL

2026/10/01 07:52:53 [32mE:/my project/Golang/hr/hr-backend/internal/httpapi/collaboration.go:35
[0m[33m[70.225ms] [34;1m[rows:1][0m SELECT count(*) FROM "notifications" WHERE organization_id='a853448f-0fe7-4fd1-b5bf-af8f6857561c' AND user_id='09947f6a-e1c8-4b63-830b-54df35d6151e' AND dismissed_at IS NULL
{"time":"2026-10-01T07:52:53.0347609+07:00","level":"INFO","msg":"http request","method":"GET","path":"/v1/positions","status":200,"durationMs":411,"requestId":"e1934e89-5cd9-4f3f-afd0-a50591f12a81"}

2026/10/01 07:52:53 [32mE:/my project/Golang/hr/hr-backend/internal/httpapi/core.go:262
[0m[33m[82.262ms] [34;1m[rows:1][0m SELECT count(*) FROM "employees" WHERE organization_id = 'a853448f-0fe7-4fd1-b5bf-af8f6857561c' AND department_id = 'ef1eb843-2735-4430-85a2-58574ace53db' AND deleted_at IS NULL

2026/10/01 07:52:53 [32mE:/my project/Golang/hr/hr-backend/internal/httpapi/collaboration.go:36
[0m[33m[146.675ms] [34;1m[rows:3][0m SELECT * FROM "notifications" WHERE organization_id='a853448f-0fe7-4fd1-b5bf-af8f6857561c' AND user_id='09947f6a-e1c8-4b63-830b-54df35d6151e' AND dismissed_at IS NULL ORDER BY created_at DESC LIMIT 20
{"time":"2026-10-01T07:52:53.1848173+07:00","level":"INFO","msg":"http request","method":"GET","path":"/v1/notifications","status":200,"durationMs":314,"requestId":"5f28fe3a-d136-4ba5-987d-c7bee5af632e"}

2026/10/01 07:52:53 [32mE:/my project/Golang/hr/hr-backend/internal/httpapi/core.go:262
[0m[33m[78.179ms] [34;1m[rows:1][0m SELECT count(*) FROM "employees" WHERE organization_id = 'a853448f-0fe7-4fd1-b5bf-af8f6857561c' AND department_id = '97c6c5df-092e-4595-9cc9-0a4f87ca7ceb' AND deleted_at IS NULL

2026/10/01 07:52:53 [32mE:/my project/Golang/hr/hr-backend/internal/httpapi/core.go:262
[0m[33m[97.224ms] [34;1m[rows:1][0m SELECT count(*) FROM "employees" WHERE organization_id = 'a853448f-0fe7-4fd1-b5bf-af8f6857561c' AND department_id = '30bb9633-cd4d-486e-a539-f4a0832bdc12' AND deleted_at IS NULL
{"time":"2026-10-01T07:52:53.3805048+07:00","level":"INFO","msg":"http request","method":"GET","path":"/v1/departments","status":200,"durationMs":768,"requestId":"ae3a80fb-8214-48df-8514-791ab0089666"}

2026/10/01 07:52:53 [32mE:/my project/Golang/hr/hr-backend/internal/httpapi/core.go:412 [33mSLOW SQL >= 200ms
[0m[31;1m[203.329ms] [33m[rows:9][35m SELECT * FROM "compensations" WHERE "compensations"."employee_id" IN ('507600c3-5458-47c9-8c05-3f07a3b6ec88','dba909c3-c84f-4991-86fe-5861fa435639','ff42d55b-eef0-4536-98bc-5b35b2c5cf42','c666d592-996b-40da-b808-3babfb3efc9d','1aeec27e-8ffe-4352-8fc0-621cb3c145b4','ab1ba340-e555-45db-8360-5020f4f7c982','df62d62f-b0d3-42e8-b742-b6001c2643b7','99d21239-e245-44f3-ba50-31138747118b','ef82bfc0-7975-45f3-8c36-e2ee4282a961')[0m

2026/10/01 07:52:53 [32mE:/my project/Golang/hr/hr-backend/internal/httpapi/core.go:412
[0m[33m[154.932ms] [34;1m[rows:4][0m SELECT * FROM "departments" WHERE "departments"."id" IN ('ef1eb843-2735-4430-85a2-58574ace53db','97c6c5df-092e-4595-9cc9-0a4f87ca7ceb','30bb9633-cd4d-486e-a539-f4a0832bdc12','bc32b8ee-da52-4a01-8bd1-23d42a767387')

2026/10/01 07:52:53 [32mE:/my project/Golang/hr/hr-backend/internal/httpapi/core.go:412 [33mSLOW SQL >= 200ms
[0m[31;1m[271.208ms] [33m[rows:3][35m SELECT * FROM "employees" WHERE "employees"."id" IN ('ff42d55b-eef0-4536-98bc-5b35b2c5cf42','c666d592-996b-40da-b808-3babfb3efc9d','df62d62f-b0d3-42e8-b742-b6001c2643b7')[0m

2026/10/01 07:52:54 [32mE:/my project/Golang/hr/hr-backend/internal/httpapi/core.go:412 [33mSLOW SQL >= 200ms
[0m[31;1m[297.594ms] [33m[rows:6][35m SELECT * FROM "positions" WHERE "positions"."id" IN ('97ff9903-45e2-4bc5-99f3-7966b794846b','b2fe25f7-5839-4f4e-8f70-55b33e742ffe','1852a8a2-7a82-49ac-8f16-9ed5a646c374','48a7d347-22be-4c0e-b24c-f2519aefc4a2','42888e9e-7b3e-4655-a22a-279061ae192d','f4cce7ba-2b29-4730-963f-73177b188f1d')[0m

2026/10/01 07:52:54 [32mE:/my project/Golang/hr/hr-backend/internal/httpapi/core.go:412 [33mSLOW SQL >= 200ms
[0m[31;1m[1357.847ms] [33m[rows:9][35m SELECT * FROM "employees" WHERE employees.organization_id = 'a853448f-0fe7-4fd1-b5bf-af8f6857561c' AND employees.deleted_at IS NULL ORDER BY full_name LIMIT 100[0m
{"time":"2026-10-01T07:52:54.3972461+07:00","level":"INFO","msg":"http request","method":"GET","path":"/v1/employees","status":200,"durationMs":1763,"requestId":"7c78519e-8d2a-46ea-9092-ee7c3ededf0e"}
{"time":"2026-10-01T07:57:28.7178686+07:00","level":"INFO","msg":"http request","method":"GET","path":"/health/ready","status":200,"durationMs":284,"requestId":"5699f7c3-8fae-4e74-b391-dc7e5bea25bc"}

2026/10/01 07:57:29 [32mE:/my project/Golang/hr/hr-backend/internal/httpapi/auth.go:40
[0m[33m[64.134ms] [34;1m[rows:1][0m SELECT * FROM "organizations" WHERE "organizations"."id" = 'a853448f-0fe7-4fd1-b5bf-af8f6857561c'

2026/10/01 07:57:29 [32m
[0m[33m[119.750ms] [34;1m[rows:14][0m SELECT * FROM "role_permissions" WHERE "role_permissions"."role_id" = '6204ad4f-b588-49ed-9ae0-874e6e11feee'

2026/10/01 07:57:29 [32m
[0m[33m[115.034ms] [34;1m[rows:14][0m SELECT * FROM "permissions" WHERE "permissions"."id" IN ('bee3b15c-a1f5-4c31-8f21-52422fe1d779','6e20086b-bd5c-4d7f-89a6-b3d95ab3e7a0','d19e697a-98e2-469e-9214-a6fa30b4fd3f','b8e8b45f-aa33-4db5-b4eb-343fb2fa9b37','9812c3be-57c2-4fb2-b0dc-55de9c83c00b','2950c517-fbc0-42cc-8237-5b2189cc58fe','5c79a954-bd36-41cc-ae16-3076ca3e8a05','9af8080e-abc3-4581-8c5e-e27a863de468','d835d01b-3013-49b9-9d77-15ca14422a22','ae9af0a2-4ffe-4cd0-9933-bfa5de0e0380','384aafff-152f-4e51-8264-8c746cb8f7fc','2c591e91-f4a9-4494-9c11-4820f458f72e','8ef68b12-b306-4e05-9af4-abcf8a97e319','20fff14f-0a64-4d53-b6b8-8342d85e2c88')

2026/10/01 07:57:29 [32mE:/my project/Golang/hr/hr-backend/internal/httpapi/auth.go:40 [33mSLOW SQL >= 200ms
[0m[31;1m[294.630ms] [33m[rows:1][35m SELECT * FROM "roles" WHERE "roles"."id" = '6204ad4f-b588-49ed-9ae0-874e6e11feee'[0m

2026/10/01 07:57:29 [32mE:/my project/Golang/hr/hr-backend/internal/httpapi/auth.go:40 [33mSLOW SQL >= 200ms
[0m[31;1m[428.342ms] [33m[rows:1][35m SELECT * FROM "memberships" WHERE "memberships"."user_id" = '09947f6a-e1c8-4b63-830b-54df35d6151e'[0m

2026/10/01 07:57:29 [32mE:/my project/Golang/hr/hr-backend/internal/httpapi/auth.go:40 [33mSLOW SQL >= 200ms
[0m[31;1m[531.041ms] [33m[rows:1][35m SELECT * FROM "users" WHERE lower(email) = 'sarah@simpul.co.id' ORDER BY "users"."id" LIMIT 1[0m

2026/10/01 07:57:29 [32mE:/my project/Golang/hr/hr-backend/internal/httpapi/auth.go:245
[0m[33m[164.273ms] [34;1m[rows:1][0m INSERT INTO "refresh_sessions" ("user_id","membership_id","organization_id","token_hash","expires_at","revoked_at","user_agent","ip_address","created_at") VALUES ('09947f6a-e1c8-4b63-830b-54df35d6151e','9f6393bb-e49d-426c-bbb3-c205d01b45cc','a853448f-0fe7-4fd1-b5bf-af8f6857561c','195e14bc57840695adb2eb772611c72d38086886b0dbd6c2552373a749840ee9','2026-10-31 00:57:29.494',NULL,'curl/7.55.1','::1','2026-10-01 00:57:29.543') RETURNING "id"

2026/10/01 07:57:30 [32mE:/my project/Golang/hr/hr-backend/internal/httpapi/auth.go:249
[0m[33m[131.736ms] [34;1m[rows:0][0m INSERT INTO "organizations" ("slug","name","industry","address","phone","email","timezone","locale","currency","created_at","updated_at","id") VALUES ('simpul-demo','PT Simpul Teknologi Indonesia','Teknologi Informasi & SaaS','Sopo Del Tower Lt. 18, Mega Kuningan, Jakarta Selatan','+62 21-5088-0123','ops@simpul.co.id','Asia/Jakarta','id-ID','IDR','2026-10-01 07:38:31.513','2026-10-01 07:46:46.184','a853448f-0fe7-4fd1-b5bf-af8f6857561c') ON CONFLICT DO NOTHING RETURNING "id"

2026/10/01 07:57:30 [32m [33mSLOW SQL >= 200ms
[0m[31;1m[259.000ms] [33m[rows:0][35m INSERT INTO "permissions" ("key","label","description","id") VALUES ('performance.manage','Mengelola Performa','','2950c517-fbc0-42cc-8237-5b2189cc58fe'),('settings.manage','Mengelola Pengaturan','','5c79a954-bd36-41cc-ae16-3076ca3e8a05'),('support.manage','Mengelola Tiket Bantuan','','9af8080e-abc3-4581-8c5e-e27a863de468'),('employees.view','Melihat Direktori Karyawan','','d835d01b-3013-49b9-9d77-15ca14422a22'),('employees.manage','Mengelola Data Karyawan','','ae9af0a2-4ffe-4cd0-9933-bfa5de0e0380'),('attendance.manage','Mengelola Absensi dan Shift','','384aafff-152f-4e51-8264-8c746cb8f7fc'),('payroll.run','Menjalankan Payroll','','2c591e91-f4a9-4494-9c11-4820f458f72e'),('recruitment.view','Melihat Rekrutmen','','8ef68b12-b306-4e05-9af4-abcf8a97e319'),('recruitment.manage','Mengelola Rekrutmen','','20fff14f-0a64-4d53-b6b8-8342d85e2c88'),('performance.view','Melihat Performa','','bee3b15c-a1f5-4c31-8f21-52422fe1d779'),('analytics.view','Melihat Analitik','','6e20086b-bd5c-4d7f-89a6-b3d95ab3e7a0'),('attendance.view','Melihat Absensi dan Shift','','d19e697a-98e2-469e-9214-a6fa30b4fd3f'),('leave.approve','Menyetujui Cuti','','b8e8b45f-aa33-4db5-b4eb-343fb2fa9b37'),('payroll.view','Melihat Payroll','','9812c3be-57c2-4fb2-b0dc-55de9c83c00b') ON CONFLICT DO NOTHING RETURNING "id"[0m

2026/10/01 07:57:30 [32m
[0m[33m[129.751ms] [34;1m[rows:0][0m INSERT INTO "role_permissions" ("role_id","permission_id") VALUES ('6204ad4f-b588-49ed-9ae0-874e6e11feee','2950c517-fbc0-42cc-8237-5b2189cc58fe'),('6204ad4f-b588-49ed-9ae0-874e6e11feee','5c79a954-bd36-41cc-ae16-3076ca3e8a05'),('6204ad4f-b588-49ed-9ae0-874e6e11feee','9af8080e-abc3-4581-8c5e-e27a863de468'),('6204ad4f-b588-49ed-9ae0-874e6e11feee','d835d01b-3013-49b9-9d77-15ca14422a22'),('6204ad4f-b588-49ed-9ae0-874e6e11feee','ae9af0a2-4ffe-4cd0-9933-bfa5de0e0380'),('6204ad4f-b588-49ed-9ae0-874e6e11feee','384aafff-152f-4e51-8264-8c746cb8f7fc'),('6204ad4f-b588-49ed-9ae0-874e6e11feee','2c591e91-f4a9-4494-9c11-4820f458f72e'),('6204ad4f-b588-49ed-9ae0-874e6e11feee','8ef68b12-b306-4e05-9af4-abcf8a97e319'),('6204ad4f-b588-49ed-9ae0-874e6e11feee','20fff14f-0a64-4d53-b6b8-8342d85e2c88'),('6204ad4f-b588-49ed-9ae0-874e6e11feee','bee3b15c-a1f5-4c31-8f21-52422fe1d779'),('6204ad4f-b588-49ed-9ae0-874e6e11feee','6e20086b-bd5c-4d7f-89a6-b3d95ab3e7a0'),('6204ad4f-b588-49ed-9ae0-874e6e11feee','d19e697a-98e2-469e-9214-a6fa30b4fd3f'),('6204ad4f-b588-49ed-9ae0-874e6e11feee','b8e8b45f-aa33-4db5-b4eb-343fb2fa9b37'),('6204ad4f-b588-49ed-9ae0-874e6e11feee','9812c3be-57c2-4fb2-b0dc-55de9c83c00b') ON CONFLICT DO NOTHING RETURNING "role_id","permission_id"

2026/10/01 07:57:30 [32mE:/my project/Golang/hr/hr-backend/internal/httpapi/auth.go:249 [33mSLOW SQL >= 200ms
[0m[31;1m[633.147ms] [33m[rows:0][35m INSERT INTO "roles" ("organization_id","key","name","description","is_system","created_at","updated_at","id") VALUES ('a853448f-0fe7-4fd1-b5bf-af8f6857561c','hr_admin','HR Admin','System role hr_admin',true,'2026-10-01 07:38:33.93','2026-10-01 07:46:49.167','6204ad4f-b588-49ed-9ae0-874e6e11feee') ON CONFLICT DO NOTHING RETURNING "id"[0m

2026/10/01 07:57:30 [32mE:/my project/Golang/hr/hr-backend/internal/httpapi/auth.go:249 [33mSLOW SQL >= 200ms
[0m[31;1m[925.048ms] [33m[rows:1][35m INSERT INTO "memberships" ("organization_id","user_id","employee_id","role_id","created_at","updated_at","id") VALUES ('a853448f-0fe7-4fd1-b5bf-af8f6857561c','09947f6a-e1c8-4b63-830b-54df35d6151e','99d21239-e245-44f3-ba50-31138747118b','6204ad4f-b588-49ed-9ae0-874e6e11feee','2026-10-01 07:38:42.175','2026-10-01 07:46:57.406','9f6393bb-e49d-426c-bbb3-c205d01b45cc') ON CONFLICT ("id") DO UPDATE SET "user_id"="excluded"."user_id" RETURNING "id"[0m

2026/10/01 07:57:30 [32mE:/my project/Golang/hr/hr-backend/internal/httpapi/auth.go:249 [33mSLOW SQL >= 200ms
[0m[31;1m[1198.816ms] [33m[rows:1][35m UPDATE "users" SET "last_login_at"='2026-10-01 00:57:29.658',"updated_at"='2026-10-01 00:57:29.727' WHERE "id" = '09947f6a-e1c8-4b63-830b-54df35d6151e'[0m
{"time":"2026-10-01T07:57:30.857616+07:00","level":"INFO","msg":"http request","method":"POST","path":"/v1/auth/login","status":200,"durationMs":2085,"requestId":"ae314bab-2dfe-4a8b-83f0-524a73d39abe"}

2026/10/01 07:57:31 [32mE:/my project/Golang/hr/hr-backend/internal/httpapi/context.go:66
[0m[33m[127.737ms] [34;1m[rows:0][0m SELECT employee_id FROM memberships WHERE id = '9f6393bb-e49d-426c-bbb3-c205d01b45cc' AND user_id = '09947f6a-e1c8-4b63-830b-54df35d6151e' AND organization_id = 'a853448f-0fe7-4fd1-b5bf-af8f6857561c'

2026/10/01 07:57:31 [32mE:/my project/Golang/hr/hr-backend/internal/httpapi/core.go:408
[0m[33m[125.383ms] [34;1m[rows:1][0m SELECT count(*) FROM "employees" WHERE employees.organization_id = 'a853448f-0fe7-4fd1-b5bf-af8f6857561c' AND employees.deleted_at IS NULL

2026/10/01 07:57:31 [32mE:/my project/Golang/hr/hr-backend/internal/httpapi/core.go:412
[0m[33m[61.445ms] [34;1m[rows:9][0m SELECT * FROM "compensations" WHERE "compensations"."employee_id" IN ('507600c3-5458-47c9-8c05-3f07a3b6ec88','dba909c3-c84f-4991-86fe-5861fa435639','ff42d55b-eef0-4536-98bc-5b35b2c5cf42','c666d592-996b-40da-b808-3babfb3efc9d','1aeec27e-8ffe-4352-8fc0-621cb3c145b4','ab1ba340-e555-45db-8360-5020f4f7c982','df62d62f-b0d3-42e8-b742-b6001c2643b7','99d21239-e245-44f3-ba50-31138747118b','ef82bfc0-7975-45f3-8c36-e2ee4282a961')

2026/10/01 07:57:31 [32mE:/my project/Golang/hr/hr-backend/internal/httpapi/core.go:412
[0m[33m[61.334ms] [34;1m[rows:4][0m SELECT * FROM "departments" WHERE "departments"."id" IN ('ef1eb843-2735-4430-85a2-58574ace53db','97c6c5df-092e-4595-9cc9-0a4f87ca7ceb','30bb9633-cd4d-486e-a539-f4a0832bdc12','bc32b8ee-da52-4a01-8bd1-23d42a767387')

2026/10/01 07:57:31 [32mE:/my project/Golang/hr/hr-backend/internal/httpapi/core.go:412
[0m[33m[56.160ms] [34;1m[rows:3][0m SELECT * FROM "employees" WHERE "employees"."id" IN ('ff42d55b-eef0-4536-98bc-5b35b2c5cf42','c666d592-996b-40da-b808-3babfb3efc9d','df62d62f-b0d3-42e8-b742-b6001c2643b7')

2026/10/01 07:57:31 [32mE:/my project/Golang/hr/hr-backend/internal/httpapi/core.go:412
[0m[33m[69.227ms] [34;1m[rows:6][0m SELECT * FROM "positions" WHERE "positions"."id" IN ('97ff9903-45e2-4bc5-99f3-7966b794846b','b2fe25f7-5839-4f4e-8f70-55b33e742ffe','1852a8a2-7a82-49ac-8f16-9ed5a646c374','48a7d347-22be-4c0e-b24c-f2519aefc4a2','42888e9e-7b3e-4655-a22a-279061ae192d','f4cce7ba-2b29-4730-963f-73177b188f1d')

2026/10/01 07:57:31 [32mE:/my project/Golang/hr/hr-backend/internal/httpapi/core.go:412 [33mSLOW SQL >= 200ms
[0m[31;1m[319.764ms] [33m[rows:9][35m SELECT * FROM "employees" WHERE employees.organization_id = 'a853448f-0fe7-4fd1-b5bf-af8f6857561c' AND employees.deleted_at IS NULL ORDER BY full_name LIMIT 25[0m
{"time":"2026-10-01T07:57:31.8472294+07:00","level":"INFO","msg":"http request","method":"GET","path":"/v1/employees","status":200,"durationMs":573,"requestId":"5cb64006-8e75-4230-9fb0-dcce89e789e6"}

2026/10/01 07:57:31 [32mE:/my project/Golang/hr/hr-backend/internal/httpapi/context.go:66
[0m[33m[68.327ms] [34;1m[rows:0][0m SELECT employee_id FROM memberships WHERE id = '9f6393bb-e49d-426c-bbb3-c205d01b45cc' AND user_id = '09947f6a-e1c8-4b63-830b-54df35d6151e' AND organization_id = 'a853448f-0fe7-4fd1-b5bf-af8f6857561c'

2026/10/01 07:57:32 [32mE:/my project/Golang/hr/hr-backend/internal/httpapi/core.go:857
[0m[33m[97.028ms] [34;1m[rows:1][0m SELECT count(*) FROM "employees" WHERE organization_id = 'a853448f-0fe7-4fd1-b5bf-af8f6857561c' AND status = 'active' AND deleted_at IS NULL

2026/10/01 07:57:32 [32mE:/my project/Golang/hr/hr-backend/internal/httpapi/core.go:858
[0m[33m[57.971ms] [34;1m[rows:1][0m SELECT count(*) FROM "leave_requests" WHERE organization_id = 'a853448f-0fe7-4fd1-b5bf-af8f6857561c' AND status = 'pending'

2026/10/01 07:57:32 [32mE:/my project/Golang/hr/hr-backend/internal/httpapi/core.go:860
[0m[33m[87.044ms] [34;1m[rows:1][0m SELECT * FROM "payroll_runs" WHERE organization_id = 'a853448f-0fe7-4fd1-b5bf-af8f6857561c' ORDER BY period_end DESC,"payroll_runs"."id" LIMIT 1

2026/10/01 07:57:32 [32mE:/my project/Golang/hr/hr-backend/internal/httpapi/core.go:867
[0m[33m[116.434ms] [34;1m[rows:5][0m SELECT date, COUNT(*) FILTER (WHERE status IN ('present','late')) AS attendance, COALESCE(SUM(overtime_minutes),0) AS overtime FROM attendances WHERE organization_id = 'a853448f-0fe7-4fd1-b5bf-af8f6857561c' AND date >= CURRENT_DATE - INTERVAL '6 days' GROUP BY date ORDER BY date

2026/10/01 07:57:32 [32mE:/my project/Golang/hr/hr-backend/internal/httpapi/operations.go:48
[0m[33m[69.708ms] [34;1m[rows:1][0m SELECT "timezone" FROM "organizations" WHERE id = 'a853448f-0fe7-4fd1-b5bf-af8f6857561c'

2026/10/01 07:57:32 [32mE:/my project/Golang/hr/hr-backend/internal/httpapi/core.go:896
[0m[33m[68.545ms] [34;1m[rows:0][0m SELECT "attention_key" FROM "attention_dismissals" WHERE organization_id = 'a853448f-0fe7-4fd1-b5bf-af8f6857561c' AND user_id = '09947f6a-e1c8-4b63-830b-54df35d6151e'

2026/10/01 07:57:32 [32mE:/my project/Golang/hr/hr-backend/internal/httpapi/core.go:903
[0m[33m[54.604ms] [34;1m[rows:1][0m SELECT count(*) FROM "employees" WHERE organization_id = 'a853448f-0fe7-4fd1-b5bf-af8f6857561c' AND end_date BETWEEN CURRENT_DATE AND CURRENT_DATE + INTERVAL '30 days'

2026/10/01 07:57:32 [32mE:/my project/Golang/hr/hr-backend/internal/httpapi/core.go:908
[0m[33m[127.888ms] [34;1m[rows:1][0m SELECT count(*) FROM "leave_requests" WHERE organization_id = 'a853448f-0fe7-4fd1-b5bf-af8f6857561c' AND status = 'pending'

2026/10/01 07:57:32 [32mE:/my project/Golang/hr/hr-backend/internal/httpapi/core.go:883
[0m[33m[67.029ms] [34;1m[rows:1][0m SELECT count(*) FROM "employees" WHERE organization_id = 'a853448f-0fe7-4fd1-b5bf-af8f6857561c' AND deleted_at IS NULL AND hire_date >= date_trunc('month', CURRENT_DATE)

2026/10/01 07:57:32 [32mE:/my project/Golang/hr/hr-backend/internal/httpapi/core.go:884
[0m[33m[74.779ms] [34;1m[rows:1][0m SELECT count(*) FROM "departments" WHERE organization_id = 'a853448f-0fe7-4fd1-b5bf-af8f6857561c'

2026/10/01 07:57:32 [32mE:/my project/Golang/hr/hr-backend/internal/httpapi/core.go:885
[0m[33m[75.823ms] [34;1m[rows:1][0m SELECT count(*) FROM "employees" WHERE organization_id = 'a853448f-0fe7-4fd1-b5bf-af8f6857561c' AND status = 'on_leave' AND deleted_at IS NULL
{"time":"2026-10-01T07:57:33.1094568+07:00","level":"INFO","msg":"http request","method":"GET","path":"/v1/dashboard/summary","status":200,"durationMs":1192,"requestId":"d9feeeab-b60c-40c8-a176-899e412a3170"}

2026/10/01 07:57:33 [32mE:/my project/Golang/hr/hr-backend/internal/httpapi/context.go:66 [33mSLOW SQL >= 200ms
[0m[31;1m[377.518ms] [33m[rows:0][35m SELECT employee_id FROM memberships WHERE id = '9f6393bb-e49d-426c-bbb3-c205d01b45cc' AND user_id = '09947f6a-e1c8-4b63-830b-54df35d6151e' AND organization_id = 'a853448f-0fe7-4fd1-b5bf-af8f6857561c'[0m

2026/10/01 07:57:33 [32mE:/my project/Golang/hr/hr-backend/internal/httpapi/operations.go:715
[0m[33m[159.382ms] [34;1m[rows:1][0m SELECT count(*) FROM "payslips" WHERE payslips.organization_id='a853448f-0fe7-4fd1-b5bf-af8f6857561c'

2026/10/01 07:57:34 [32mE:/my project/Golang/hr/hr-backend/internal/httpapi/operations.go:720
[0m[33m[65.964ms] [34;1m[rows:4][0m SELECT * FROM "departments" WHERE "departments"."id" IN ('30bb9633-cd4d-486e-a539-f4a0832bdc12','bc32b8ee-da52-4a01-8bd1-23d42a767387','ef1eb843-2735-4430-85a2-58574ace53db','97c6c5df-092e-4595-9cc9-0a4f87ca7ceb')

2026/10/01 07:57:34 [32mE:/my project/Golang/hr/hr-backend/internal/httpapi/operations.go:720
[0m[33m[92.898ms] [34;1m[rows:6][0m SELECT * FROM "positions" WHERE "positions"."id" IN ('48a7d347-22be-4c0e-b24c-f2519aefc4a2','42888e9e-7b3e-4655-a22a-279061ae192d','97ff9903-45e2-4bc5-99f3-7966b794846b','1852a8a2-7a82-49ac-8f16-9ed5a646c374','b2fe25f7-5839-4f4e-8f70-55b33e742ffe','f4cce7ba-2b29-4730-963f-73177b188f1d')

2026/10/01 07:57:34 [32mE:/my project/Golang/hr/hr-backend/internal/httpapi/operations.go:720 [33mSLOW SQL >= 200ms
[0m[31;1m[760.554ms] [33m[rows:9][35m SELECT * FROM "employees" WHERE "employees"."id" IN ('dba909c3-c84f-4991-86fe-5861fa435639','1aeec27e-8ffe-4352-8fc0-621cb3c145b4','ef82bfc0-7975-45f3-8c36-e2ee4282a961','ff42d55b-eef0-4536-98bc-5b35b2c5cf42','ab1ba340-e555-45db-8360-5020f4f7c982','507600c3-5458-47c9-8c05-3f07a3b6ec88','df62d62f-b0d3-42e8-b742-b6001c2643b7','99d21239-e245-44f3-ba50-31138747118b','c666d592-996b-40da-b808-3babfb3efc9d')[0m

2026/10/01 07:57:34 [32mE:/my project/Golang/hr/hr-backend/internal/httpapi/operations.go:720 [33mSLOW SQL >= 200ms
[0m[31;1m[929.593ms] [33m[rows:9][35m SELECT * FROM "payslips" WHERE payslips.organization_id='a853448f-0fe7-4fd1-b5bf-af8f6857561c' ORDER BY created_at DESC LIMIT 25[0m
{"time":"2026-10-01T07:57:34.6451449+07:00","level":"INFO","msg":"http request","method":"GET","path":"/v1/payslips","status":200,"durationMs":1468,"requestId":"b7ee1ac5-38f1-4783-b90e-6d9be5e2f0fa"}

2026/10/01 07:57:34 [32mE:/my project/Golang/hr/hr-backend/internal/httpapi/context.go:66
[0m[33m[92.628ms] [34;1m[rows:0][0m SELECT employee_id FROM memberships WHERE id = '9f6393bb-e49d-426c-bbb3-c205d01b45cc' AND user_id = '09947f6a-e1c8-4b63-830b-54df35d6151e' AND organization_id = 'a853448f-0fe7-4fd1-b5bf-af8f6857561c'

2026/10/01 07:57:34 [32mE:/my project/Golang/hr/hr-backend/internal/httpapi/collaboration.go:35
[0m[33m[70.630ms] [34;1m[rows:1][0m SELECT count(*) FROM "notifications" WHERE organization_id='a853448f-0fe7-4fd1-b5bf-af8f6857561c' AND user_id='09947f6a-e1c8-4b63-830b-54df35d6151e' AND dismissed_at IS NULL

2026/10/01 07:57:34 [32mE:/my project/Golang/hr/hr-backend/internal/httpapi/collaboration.go:36
[0m[33m[81.674ms] [34;1m[rows:3][0m SELECT * FROM "notifications" WHERE organization_id='a853448f-0fe7-4fd1-b5bf-af8f6857561c' AND user_id='09947f6a-e1c8-4b63-830b-54df35d6151e' AND dismissed_at IS NULL ORDER BY created_at DESC LIMIT 25
{"time":"2026-10-01T07:57:34.9627935+07:00","level":"INFO","msg":"http request","method":"GET","path":"/v1/notifications","status":200,"durationMs":249,"requestId":"9f4a2a3b-c97f-4014-94e7-f516d5b09c71"}

2026/10/01 07:57:35 [32mE:/my project/Golang/hr/hr-backend/internal/httpapi/context.go:66
[0m[33m[64.380ms] [34;1m[rows:0][0m SELECT employee_id FROM memberships WHERE id = '9f6393bb-e49d-426c-bbb3-c205d01b45cc' AND user_id = '09947f6a-e1c8-4b63-830b-54df35d6151e' AND organization_id = 'a853448f-0fe7-4fd1-b5bf-af8f6857561c'

2026/10/01 07:57:35 [32mE:/my project/Golang/hr/hr-backend/internal/httpapi/core.go:728
[0m[33m[155.020ms] [34;1m[rows:1][0m SELECT count(*) FROM "audit_logs" WHERE organization_id = 'a853448f-0fe7-4fd1-b5bf-af8f6857561c'

2026/10/01 07:57:35 [32mE:/my project/Golang/hr/hr-backend/internal/httpapi/core.go:733
[0m[33m[171.389ms] [34;1m[rows:14][0m SELECT * FROM "audit_logs" WHERE organization_id = 'a853448f-0fe7-4fd1-b5bf-af8f6857561c' ORDER BY created_at DESC LIMIT 25

2026/10/01 07:57:35 [32mE:/my project/Golang/hr/hr-backend/internal/httpapi/core.go:751
[0m[33m[187.762ms] [34;1m[rows:2][0m SELECT * FROM "users" WHERE id IN ('09947f6a-e1c8-4b63-830b-54df35d6151e','6f1227a6-9e1a-4f30-994e-db92168aaaf5')
{"time":"2026-10-01T07:57:35.602377+07:00","level":"INFO","msg":"http request","method":"GET","path":"/v1/audit-logs","status":200,"durationMs":587,"requestId":"780293fb-949f-4b1b-9f2d-5098bda95010"}
